asset_id,cse_id,asset_type,criticality,asset_name,business_function,expected_monitoring,expected_events_per_day,monitoring_status,owner_team,environment,observed_monitoring_events,last_telemetry_at
AST-CF386E23,CSE-ENERGY-01,Email Server,High,Email Server 1,Core Ops,High,18324,Active,Infrastructure,Corporate,16933.627035906826,2026-03-31 08:00:00
AST-A2BD7BFB,CSE-INFRA-01,SCADA Gateway,Medium,SCADA Gateway 2,Core Ops,Standard,422,Active,Infrastructure,Corporate,404.97248575511026,2026-03-31 08:00:00
AST-66513112,CSE-INFRA-01,API Gateway,Low,API Gateway 3,Core Ops,Standard,1974,Active,Infrastructure,Production,1770.4862516289325,2026-03-31 08:00:00
AST-74E97C4D,CSE-POWER-01,DNS Server,Medium,DNS Server 4,Core Ops,Standard,102,Active,Infrastructure,Staging,89.90231017785676,2026-03-31 08:00:00
AST-F39036E4,CSE-INFRA-01,Domain Controller,Low,Domain Controller 5,Core Ops,Standard,1817,Active,Infrastructure,Staging,2147.369732669039,2026-03-31 08:00:00
AST-51D99CFE,CSE-TRANSPORT-01,SCADA Gateway,Low,SCADA Gateway 6,Core Ops,Standard,305,Active,Infrastructure,Production,356.0596355380032,2026-03-31 08:00:00
AST-772DFAFB,CSE-POWER-02,Email Server,Medium,Email Server 7,Core Ops,Standard,1955,Active,Infrastructure,Staging,1600.7481357844379,2026-03-31 08:00:00
AST-A8E352E4,CSE-GOV-01,Cloud Workload,Medium,Cloud Workload 8,Core Ops,Standard,139,Active,Infrastructure,Staging,130.03800400122955,2026-03-31 08:00:00
AST-FD77588A,CSE-POWER-01,Core Application,Critical,Core Application 9,Core Ops,High,8237,Active,Infrastructure,Staging,7924.483454659615,2026-03-31 08:00:00
AST-FEA36B88,CSE-TELECOM-01,Payment System,High,Payment System 10,Core Ops,High,18770,Active,Infrastructure,Corporate,16810.521126271902,2026-03-31 08:00:00
AST-EDF68EDB,CSE-POWER-01,Network Gateway,Medium,Network Gateway 11,Core Ops,Standard,673,Active,Infrastructure,Corporate,707.6925838692168,2026-03-31 08:00:00
AST-DD19D98B,CSE-TRANSPORT-01,Payment System,Critical,Payment System 12,Core Ops,High,18239,Active,Infrastructure,Production,19263.161775217723,2026-03-31 08:00:00
AST-3B905A73,CSE-TELECOM-01,Cloud Workload,Low,Cloud Workload 13,Core Ops,Standard,1630,Active,Infrastructure,Corporate,1858.5287568702452,2026-03-31 08:00:00
AST-8E4604C9,CSE-GOV-01,Payment System,Low,Payment System 14,Core Ops,Standard,1695,Active,Infrastructure,Staging,1858.3093639651775,2026-03-31 08:00:00
AST-7EB3F808,CSE-TRANSPORT-01,Cloud Workload,Medium,Cloud Workload 15,Core Ops,Standard,942,Active,Infrastructure,Corporate,958.0416296007721,2026-03-31 08:00:00
AST-BFDFDB9A,CSE-BANK-02,Critical Database,High,Critical Database 16,Core Ops,High,15860,Active,Infrastructure,Production,16834.3544691618,2026-03-31 08:00:00
AST-34957D53,CSE-POWER-02,Cloud Workload,High,Cloud Workload 17,Core Ops,High,15070,Active,Infrastructure,Corporate,13707.604375141314,2026-03-31 08:00:00
AST-7D5A8891,CSE-GOV-01,Cloud Workload,High,Cloud Workload 18,Core Ops,High,14388,Active,Infrastructure,Staging,14923.556984500137,2026-03-31 08:00:00
AST-32B712B7,CSE-INFRA-01,Endpoint Cluster,Medium,Endpoint Cluster 19,Core Ops,Standard,195,Active,Infrastructure,Staging,194.1597258704937,2026-03-31 08:00:00
AST-AA700386,CSE-BANK-02,Cloud Workload,Medium,Cloud Workload 20,Core Ops,Standard,1982,Active,Infrastructure,Production,1691.3154936884184,2026-03-31 08:00:00
AST-6B5EF23F,CSE-ENERGY-01,API Gateway,Low,API Gateway 21,Core Ops,Standard,1537,Active,Infrastructure,Corporate,1378.7162212432106,2026-03-31 08:00:00
AST-8B00720A,CSE-GOV-01,Core Application,Critical,Core Application 22,Core Ops,High,6751,Active,Infrastructure,Corporate,6188.488994328571,2026-03-31 08:00:00
AST-A1ED6424,CSE-ENERGY-01,Industrial Control System,Low,Industrial Control System 23,Core Ops,Standard,997,Active,Infrastructure,Corporate,1166.21465534056,2026-03-31 08:00:00
AST-06E0A2A9,CSE-TELECOM-01,SCADA Gateway,Low,SCADA Gateway 24,Core Ops,Standard,1185,Active,Infrastructure,Staging,1057.2032670689116,2026-03-31 08:00:00
AST-F111E402,CSE-BANK-02,Network Gateway,Critical,Network Gateway 25,Core Ops,High,19115,Active,Infrastructure,Production,17503.558880959183,2026-03-31 08:00:00
AST-35FCB12A,CSE-POWER-02,Domain Controller,Low,Domain Controller 26,Core Ops,Standard,660,Active,Infrastructure,Corporate,625.5094903436101,2026-03-31 08:00:00
AST-8F462C4E,CSE-INFRA-01,Core Application,Critical,Core Application 27,Core Ops,High,12170,Active,Infrastructure,Staging,12967.099651628385,2026-03-31 08:00:00
AST-404F01CB,CSE-INFRA-01,Identity Server,High,Identity Server 28,Core Ops,High,18339,Active,Infrastructure,Staging,15538.549551818634,2026-03-31 08:00:00
AST-FA2A27FC,CSE-TRANSPORT-01,Industrial Control System,Medium,Industrial Control System 29,Core Ops,Standard,770,Active,Infrastructure,Staging,909.815125448083,2026-03-31 08:00:00
AST-B62EB182,CSE-INFRA-01,Critical Database,Critical,Critical Database 30,Core Ops,High,14131,Active,Infrastructure,Corporate,16197.354764463647,2026-03-31 08:00:00
AST-BF8FF2D0,CSE-HEALTH-01,Critical Database,Medium,Critical Database 31,Core Ops,Standard,1605,Active,Infrastructure,Corporate,1654.5727188717458,2026-03-31 08:00:00
AST-A014EA2D,CSE-POWER-01,Backup System,Medium,Backup System 32,Core Ops,Standard,416,Active,Infrastructure,Corporate,444.9599011395128,2026-03-31 08:00:00
AST-2A0AEF2C,CSE-BANK-01,DNS Server,Medium,DNS Server 33,Core Ops,Standard,1627,Active,Infrastructure,Corporate,1312.4426346857358,2026-03-31 08:00:00
AST-C19A90D2,CSE-POWER-02,Cloud Workload,Critical,Cloud Workload 34,Core Ops,High,18109,Active,Infrastructure,Corporate,16942.380374714023,2026-03-31 08:00:00
AST-089A411F,CSE-BANK-02,Core Application,Medium,Core Application 35,Core Ops,Standard,1171,Active,Infrastructure,Corporate,1309.4872520418194,2026-03-31 08:00:00
AST-1A6F614A,CSE-HEALTH-01,Email Server,Medium,Email Server 36,Core Ops,Standard,1532,Active,Infrastructure,Corporate,1273.0815663399742,2026-03-31 08:00:00
AST-F2A8CD2C,CSE-POWER-02,Endpoint Cluster,Medium,Endpoint Cluster 37,Core Ops,Standard,1259,Active,Infrastructure,Corporate,1149.3732469085187,2026-03-31 08:00:00
AST-3A6ADC72,CSE-BANK-02,Payment System,Critical,Payment System 38,Core Ops,High,16796,Active,Infrastructure,Corporate,17369.05821148124,2026-03-31 08:00:00
AST-B418805F,CSE-TELECOM-02,Identity Server,High,Identity Server 39,Core Ops,High,16515,Active,Infrastructure,Staging,14905.86446097921,2026-03-31 08:00:00
AST-5F5AC200,CSE-TELECOM-02,Critical Database,Medium,Critical Database 40,Core Ops,Standard,413,Active,Infrastructure,Corporate,484.6931613286746,2026-03-31 08:00:00
AST-1D7DB842,CSE-ENERGY-01,Network Gateway,High,Network Gateway 41,Core Ops,High,19562,Active,Infrastructure,Production,16675.10757431741,2026-03-31 08:00:00
AST-5ADD1191,CSE-POWER-02,Critical Database,Medium,Critical Database 42,Core Ops,Standard,1491,Active,Infrastructure,Staging,1668.3659950561992,2026-03-31 08:00:00
AST-6CC99B11,CSE-TELECOM-02,Domain Controller,Medium,Domain Controller 43,Core Ops,Standard,1552,Active,Infrastructure,Corporate,1556.9345479354981,2026-03-31 08:00:00
AST-F68D107B,CSE-BANK-02,SCADA Gateway,Medium,SCADA Gateway 44,Core Ops,Standard,1953,Active,Infrastructure,Production,2148.5584020705496,2026-03-31 08:00:00
AST-BEAEF95A,CSE-ENERGY-01,Critical Database,Medium,Critical Database 45,Core Ops,Standard,906,Active,Infrastructure,Corporate,837.4032349800685,2026-03-31 08:00:00
AST-784A7D06,CSE-INFRA-01,Domain Controller,Low,Domain Controller 46,Core Ops,Standard,1603,Active,Infrastructure,Production,1612.2907330024793,2026-03-31 08:00:00
AST-EEA3277E,CSE-BANK-02,Core Application,Low,Core Application 47,Core Ops,Standard,1437,Active,Infrastructure,Production,1642.1089590208817,2026-03-31 08:00:00
AST-558A5161,CSE-ENERGY-01,Core Application,Low,Core Application 48,Core Ops,Standard,1623,Active,Infrastructure,Production,1601.4972619507193,2026-03-31 08:00:00
AST-8297237A,CSE-POWER-02,Endpoint Cluster,Low,Endpoint Cluster 49,Core Ops,Standard,1844,Active,Infrastructure,Production,1740.5293701450148,2026-03-31 08:00:00
AST-7E01E5B7,CSE-HEALTH-01,DNS Server,High,DNS Server 50,Core Ops,High,12982,Active,Infrastructure,Staging,13169.747689733207,2026-03-31 08:00:00
AST-11FF2F66,CSE-TRANSPORT-01,Backup System,High,Backup System 51,Core Ops,High,7100,Active,Infrastructure,Staging,7717.310218623282,2026-03-31 08:00:00
AST-DB75934F,CSE-INFRA-01,Industrial Control System,Medium,Industrial Control System 52,Core Ops,Standard,1334,Active,Infrastructure,Production,1303.885401158001,2026-03-31 08:00:00
AST-576C60D9,CSE-GOV-01,Critical Database,High,Critical Database 53,Core Ops,High,17845,Active,Infrastructure,Corporate,20977.703848565543,2026-03-31 08:00:00
AST-30D3CB56,CSE-HEALTH-01,Network Gateway,Critical,Network Gateway 54,Core Ops,High,16788,Active,Infrastructure,Production,15411.020197609136,2026-03-31 08:00:00
AST-0E1425B0,CSE-TELECOM-01,Critical Database,Critical,Critical Database 55,Core Ops,High,8748,Active,Infrastructure,Staging,44.0,2025-12-14 00:00:00
AST-CE958786,CSE-BANK-02,Backup System,Medium,Backup System 56,Core Ops,Standard,670,Active,Infrastructure,Corporate,738.8566127035064,2026-03-31 08:00:00
AST-1EF772E6,CSE-TELECOM-01,VPN Gateway,Medium,VPN Gateway 57,Core Ops,Standard,682,Active,Infrastructure,Staging,733.5922334872428,2026-03-31 08:00:00
AST-1410E6A3,CSE-HEALTH-01,Network Gateway,Medium,Network Gateway 58,Core Ops,Standard,1215,Active,Infrastructure,Staging,1391.729551474738,2026-03-31 08:00:00
AST-C1BAD6D0,CSE-ENERGY-01,API Gateway,Medium,API Gateway 59,Core Ops,Standard,1388,Active,Infrastructure,Corporate,1663.8284571141514,2026-03-31 08:00:00
AST-59E93088,CSE-GOV-01,Cloud Workload,Low,Cloud Workload 60,Core Ops,Standard,994,Active,Infrastructure,Production,964.9188715289276,2026-03-31 08:00:00
AST-DA536CB9,CSE-INFRA-01,Industrial Control System,Critical,Industrial Control System 61,Core Ops,High,12011,Active,Infrastructure,Production,10142.813286830944,2026-03-31 08:00:00
AST-2C4C2E60,CSE-INFRA-01,API Gateway,Low,API Gateway 62,Core Ops,Standard,1024,Active,Infrastructure,Production,831.6583447789437,2026-03-31 08:00:00
AST-3346EAF0,CSE-INFRA-01,VPN Gateway,High,VPN Gateway 63,Core Ops,High,5674,Active,Infrastructure,Production,6188.919826174825,2026-03-31 08:00:00
AST-D3F8331B,CSE-GOV-01,VPN Gateway,Low,VPN Gateway 64,Core Ops,Standard,500,Active,Infrastructure,Corporate,574.8027342617431,2026-03-31 08:00:00
AST-3EABB5F7,CSE-BANK-01,Backup System,Medium,Backup System 65,Core Ops,Standard,1523,Active,Infrastructure,Corporate,1352.85810735734,2026-03-31 08:00:00
AST-6B69106E,CSE-GOV-01,Critical Database,Critical,Critical Database 66,Core Ops,High,7158,Active,Infrastructure,Corporate,6180.06842008214,2026-03-31 08:00:00
AST-1A7ECBA3,CSE-TRANSPORT-01,Backup System,High,Backup System 67,Core Ops,High,7661,Active,Infrastructure,Staging,6319.421282471328,2026-03-31 08:00:00
AST-3D1DB78B,CSE-GOV-01,Backup System,Critical,Backup System 68,Core Ops,High,7064,Active,Infrastructure,Corporate,7975.829375604138,2026-03-31 08:00:00
AST-02EF1576,CSE-HEALTH-01,VPN Gateway,High,VPN Gateway 69,Core Ops,High,17043,Active,Infrastructure,Production,15757.152960635727,2026-03-31 08:00:00
AST-7FB1AA9E,CSE-BANK-01,Industrial Control System,High,Industrial Control System 70,Core Ops,High,8253,Active,Infrastructure,Staging,7928.481782378574,2026-03-31 08:00:00
AST-C82F38FA,CSE-INFRA-01,API Gateway,Medium,API Gateway 71,Core Ops,Standard,957,Active,Infrastructure,Production,958.0527733481596,2026-03-31 08:00:00
AST-8C65C7F3,CSE-HEALTH-01,Payment System,Medium,Payment System 72,Core Ops,Standard,903,Active,Infrastructure,Production,1025.6105081964897,2026-03-31 08:00:00
AST-C029A1D8,CSE-HEALTH-01,Critical Database,Medium,Critical Database 73,Core Ops,Standard,589,Active,Infrastructure,Corporate,624.5363069998858,2026-03-31 08:00:00
AST-3717B721,CSE-FIN-03,VPN Gateway,Low,VPN Gateway 74,Core Ops,Standard,1608,Active,Infrastructure,Corporate,1682.0095699245442,2026-03-31 08:00:00
AST-6A3DDD99,CSE-POWER-01,API Gateway,Medium,API Gateway 75,Core Ops,Standard,1880,Active,Infrastructure,Production,1636.105419166845,2026-03-31 08:00:00
AST-5F127C05,CSE-BANK-01,DNS Server,Medium,DNS Server 76,Core Ops,Standard,1593,Active,Infrastructure,Production,1601.4045989975036,2026-03-31 08:00:00
AST-0450FA26,CSE-HEALTH-01,Payment System,High,Payment System 77,Core Ops,High,6401,Active,Infrastructure,Staging,6952.461556384229,2026-03-31 08:00:00
AST-C755E30A,CSE-POWER-01,Payment System,Medium,Payment System 78,Core Ops,Standard,1037,Active,Infrastructure,Corporate,1233.308614281048,2026-03-31 08:00:00
AST-4442D364,CSE-POWER-01,Core Application,Critical,Core Application 79,Core Ops,High,15469,Active,Infrastructure,Staging,13621.421678888539,2026-03-31 08:00:00
AST-D99ADE33,CSE-BANK-01,Endpoint Cluster,Low,Endpoint Cluster 80,Core Ops,Standard,1805,Active,Infrastructure,Staging,1450.8903009145379,2026-03-31 08:00:00
AST-641EA072,CSE-FIN-03,Critical Database,Low,Critical Database 81,Core Ops,Standard,1568,Active,Infrastructure,Staging,1301.6290591529603,2026-03-31 08:00:00
AST-2BC033F1,CSE-TELECOM-01,Payment System,Medium,Payment System 82,Core Ops,Standard,1392,Active,Infrastructure,Production,1322.8746526133261,2026-03-31 08:00:00
AST-11C7BF3C,CSE-ENERGY-01,VPN Gateway,High,VPN Gateway 83,Core Ops,High,8227,Active,Infrastructure,Staging,9281.848326802496,2026-03-31 08:00:00
AST-C6E831AE,CSE-TRANSPORT-01,Core Application,Low,Core Application 84,Core Ops,Standard,153,Active,Infrastructure,Staging,122.8370954042166,2026-03-31 08:00:00
AST-CCFF89F4,CSE-ENERGY-01,API Gateway,Medium,API Gateway 85,Core Ops,Standard,627,Active,Infrastructure,Production,616.1480326957687,2026-03-31 08:00:00
AST-C6952801,CSE-GOV-01,DNS Server,High,DNS Server 86,Core Ops,High,15704,Active,Infrastructure,Corporate,14631.295033328503,2026-03-31 08:00:00
AST-173975D1,CSE-INFRA-01,Domain Controller,High,Domain Controller 87,Core Ops,High,15343,Active,Infrastructure,Corporate,12596.49075122405,2026-03-31 08:00:00
AST-83368D8B,CSE-TRANSPORT-01,Critical Database,Medium,Critical Database 88,Core Ops,Standard,1182,Active,Infrastructure,Staging,1158.4717163388134,2026-03-31 08:00:00
AST-5C716D8D,CSE-GOV-01,Industrial Control System,High,Industrial Control System 89,Core Ops,High,7745,Active,Infrastructure,Production,6985.211495329156,2026-03-31 08:00:00
AST-317B2E57,CSE-HEALTH-01,Backup System,Low,Backup System 90,Core Ops,Standard,1163,Active,Infrastructure,Corporate,1094.0968249382274,2026-03-31 08:00:00
AST-50485147,CSE-INFRA-01,Network Gateway,Critical,Network Gateway 91,Core Ops,High,8866,Active,Infrastructure,Staging,9595.194116887016,2026-03-31 08:00:00
AST-87FC7AE9,CSE-BANK-02,Network Gateway,High,Network Gateway 92,Core Ops,High,16956,Active,Infrastructure,Staging,17102.167393277745,2026-03-31 08:00:00
AST-71A6803F,CSE-BANK-01,API Gateway,Low,API Gateway 93,Core Ops,Standard,485,Active,Infrastructure,Production,412.18160122460586,2026-03-31 08:00:00
AST-F8664F99,CSE-TRANSPORT-01,Email Server,Critical,Email Server 94,Core Ops,High,10818,Active,Infrastructure,Staging,12814.632999321171,2026-03-31 08:00:00
AST-C5209BD8,CSE-TRANSPORT-01,Email Server,Medium,Email Server 95,Core Ops,Standard,833,Active,Infrastructure,Corporate,878.2854671344847,2026-03-31 08:00:00
AST-B31212F9,CSE-HEALTH-01,API Gateway,High,API Gateway 96,Core Ops,High,7792,Active,Infrastructure,Production,8620.658709104979,2026-03-31 08:00:00
AST-B7466AF1,CSE-TELECOM-01,VPN Gateway,High,VPN Gateway 97,Core Ops,High,14889,Active,Infrastructure,Corporate,12382.961836189854,2026-03-31 08:00:00
AST-39043DF4,CSE-POWER-01,Payment System,Medium,Payment System 98,Core Ops,Standard,399,Active,Infrastructure,Corporate,326.71051736181903,2026-03-31 08:00:00
AST-ED348AF3,CSE-INFRA-01,Endpoint Cluster,Medium,Endpoint Cluster 99,Core Ops,Standard,494,Active,Infrastructure,Corporate,399.04293475273283,2026-03-31 08:00:00
AST-D570074D,CSE-HEALTH-01,Critical Database,Medium,Critical Database 100,Core Ops,Standard,1330,Active,Infrastructure,Staging,1164.4384227754726,2026-03-31 08:00:00
AST-DB082745,CSE-TELECOM-02,Network Gateway,Medium,Network Gateway 101,Core Ops,Standard,1459,Active,Infrastructure,Staging,1409.0487409085138,2026-03-31 08:00:00
AST-9B5C491E,CSE-FIN-03,Network Gateway,Medium,Network Gateway 102,Core Ops,Standard,692,Active,Infrastructure,Corporate,812.6366737259013,2026-03-31 08:00:00
AST-A8DF2063,CSE-POWER-01,Endpoint Cluster,High,Endpoint Cluster 103,Core Ops,High,17952,Active,Infrastructure,Corporate,17643.654001255687,2026-03-31 08:00:00
AST-E2C52449,CSE-BANK-01,Payment System,Critical,Payment System 104,Core Ops,High,13224,Active,Infrastructure,Production,12114.533405378532,2026-03-31 08:00:00
AST-02CC2E15,CSE-POWER-01,Network Gateway,Low,Network Gateway 105,Core Ops,Standard,1301,Active,Infrastructure,Production,1333.2311059316328,2026-03-31 08:00:00
AST-43B7ACB9,CSE-TELECOM-01,Backup System,Medium,Backup System 106,Core Ops,Standard,495,Active,Infrastructure,Staging,418.16304647068824,2026-03-31 08:00:00
AST-2F9BB7C2,CSE-POWER-01,Industrial Control System,Medium,Industrial Control System 107,Core Ops,Standard,470,Active,Infrastructure,Staging,490.58710750893675,2026-03-31 08:00:00
AST-DBB29796,CSE-BANK-01,Critical Database,High,Critical Database 108,Core Ops,High,7803,Active,Infrastructure,Production,8016.589815856367,2026-03-31 08:00:00
AST-704FE649,CSE-TELECOM-01,SCADA Gateway,Critical,SCADA Gateway 109,Core Ops,High,17088,Active,Infrastructure,Corporate,19083.830781934706,2026-03-31 08:00:00
AST-560080AF,CSE-ENERGY-01,Network Gateway,Medium,Network Gateway 110,Core Ops,Standard,757,Active,Infrastructure,Staging,904.3690087976348,2026-03-31 08:00:00
AST-F978CEED,CSE-TRANSPORT-01,API Gateway,Low,API Gateway 111,Core Ops,Standard,1441,Active,Infrastructure,Corporate,1297.4034690971662,2026-03-31 08:00:00
AST-0768B063,CSE-TRANSPORT-01,Industrial Control System,Medium,Industrial Control System 112,Core Ops,Standard,835,Active,Infrastructure,Production,838.225254568456,2026-03-31 08:00:00
AST-049D516B,CSE-FIN-03,Network Gateway,Low,Network Gateway 113,Core Ops,Standard,1492,Active,Infrastructure,Staging,1736.0108744911813,2026-03-31 08:00:00
AST-05B2A3AD,CSE-GOV-01,Cloud Workload,Medium,Cloud Workload 114,Core Ops,Standard,483,Active,Infrastructure,Staging,538.098685670493,2026-03-31 08:00:00
AST-E9230EF2,CSE-ENERGY-01,DNS Server,High,DNS Server 115,Core Ops,High,11516,Active,Infrastructure,Production,11457.98839460356,2026-03-31 08:00:00
AST-FCCD9652,CSE-ENERGY-01,Backup System,Critical,Backup System 116,Core Ops,High,9579,Active,Infrastructure,Staging,11285.486012663981,2026-03-31 08:00:00
AST-8810730C,CSE-INFRA-01,Industrial Control System,High,Industrial Control System 117,Core Ops,High,5972,Active,Infrastructure,Production,4914.327013472955,2026-03-31 08:00:00
AST-3C7DEE93,CSE-POWER-01,Core Application,High,Core Application 118,Core Ops,High,8718,Active,Infrastructure,Staging,10220.978386661722,2026-03-31 08:00:00
AST-5C314CC8,CSE-TRANSPORT-01,SCADA Gateway,Low,SCADA Gateway 119,Core Ops,Standard,294,Active,Infrastructure,Production,241.13966934421805,2026-03-31 08:00:00
AST-52D4D1F0,CSE-BANK-01,DNS Server,Critical,DNS Server 120,Core Ops,High,19958,Active,Infrastructure,Staging,20335.64323321635,2026-03-31 08:00:00
AST-C9FB20B0,CSE-POWER-02,Identity Server,Medium,Identity Server 121,Core Ops,Standard,1345,Active,Infrastructure,Corporate,1555.057230024584,2026-03-31 08:00:00
AST-FEEB6865,CSE-POWER-02,API Gateway,High,API Gateway 122,Core Ops,High,9552,Active,Infrastructure,Corporate,8645.404181159027,2026-03-31 08:00:00
AST-34EB9057,CSE-TELECOM-01,API Gateway,Critical,API Gateway 123,Core Ops,High,7207,Active,Infrastructure,Corporate,7126.997972759103,2026-03-31 08:00:00
AST-1F48790C,CSE-TRANSPORT-01,Critical Database,High,Critical Database 124,Core Ops,High,9426,Active,Infrastructure,Staging,8763.64960589802,2026-03-31 08:00:00
AST-C059EED7,CSE-TRANSPORT-01,Endpoint Cluster,High,Endpoint Cluster 125,Core Ops,High,11919,Active,Infrastructure,Staging,14074.641339053213,2026-03-31 08:00:00
AST-A0C635C0,CSE-FIN-03,DNS Server,Medium,DNS Server 126,Core Ops,Standard,255,Active,Infrastructure,Corporate,288.01185066481526,2026-03-31 08:00:00
AST-EE4A0614,CSE-POWER-02,Industrial Control System,High,Industrial Control System 127,Core Ops,High,16222,Active,Infrastructure,Corporate,17578.16900669461,2026-03-31 08:00:00
AST-3355F8E8,CSE-TRANSPORT-01,Payment System,Medium,Payment System 128,Core Ops,Standard,1745,Active,Infrastructure,Production,1806.1636366573457,2026-03-31 08:00:00
AST-D300A88C,CSE-FIN-03,API Gateway,High,API Gateway 129,Core Ops,High,18767,Active,Infrastructure,Production,21173.618444098516,2026-03-31 08:00:00
AST-0D93BAA1,CSE-POWER-01,Industrial Control System,High,Industrial Control System 130,Core Ops,High,16308,Active,Infrastructure,Production,15605.2363652664,2026-03-31 08:00:00
AST-157D83CD,CSE-TELECOM-02,VPN Gateway,High,VPN Gateway 131,Core Ops,High,16477,Active,Infrastructure,Corporate,16131.324766633032,2026-03-31 08:00:00
AST-CFD9F4A5,CSE-INFRA-01,Industrial Control System,Medium,Industrial Control System 132,Core Ops,Standard,1002,Active,Infrastructure,Corporate,1094.1846898092092,2026-03-31 08:00:00
AST-3B73CADC,CSE-BANK-02,VPN Gateway,Medium,VPN Gateway 133,Core Ops,Standard,1913,Active,Infrastructure,Corporate,1804.1539448723502,2026-03-31 08:00:00
AST-A4497863,CSE-ENERGY-01,Cloud Workload,Critical,Cloud Workload 134,Core Ops,High,17903,Active,Infrastructure,Production,14780.007426196815,2026-03-31 08:00:00
AST-96C103CD,CSE-GOV-01,Domain Controller,Critical,Domain Controller 135,Core Ops,High,13386,Active,Infrastructure,Staging,11106.81722981958,2026-03-31 08:00:00
AST-5F116361,CSE-TELECOM-01,Domain Controller,Medium,Domain Controller 136,Core Ops,Standard,1560,Active,Infrastructure,Corporate,1319.9863880147593,2026-03-31 08:00:00
AST-8654C7E5,CSE-TELECOM-02,Identity Server,High,Identity Server 137,Core Ops,High,13680,Active,Infrastructure,Staging,32.0,2025-12-24 00:00:00
AST-BA636D4E,CSE-INFRA-01,Core Application,Critical,Core Application 138,Core Ops,High,7204,Active,Infrastructure,Staging,7123.967668459079,2026-03-31 08:00:00
AST-A41458FB,CSE-INFRA-01,Identity Server,Low,Identity Server 139,Core Ops,Standard,487,Active,Infrastructure,Staging,528.4694855483547,2026-03-31 08:00:00
AST-0353FA0B,CSE-INFRA-01,VPN Gateway,Medium,VPN Gateway 140,Core Ops,Standard,1603,Active,Infrastructure,Production,1534.3334659898576,2026-03-31 08:00:00
AST-B15785F0,CSE-INFRA-01,DNS Server,Critical,DNS Server 141,Core Ops,High,19747,Active,Infrastructure,Staging,17841.106031446612,2026-03-31 08:00:00
AST-0D75458C,CSE-POWER-02,Network Gateway,Low,Network Gateway 142,Core Ops,Standard,986,Active,Infrastructure,Corporate,925.7325908865364,2026-03-31 08:00:00
AST-478C0A25,CSE-FIN-03,Payment System,Medium,Payment System 143,Core Ops,Standard,937,Active,Infrastructure,Production,1047.2595430248803,2026-03-31 08:00:00
AST-62E932FA,CSE-ENERGY-01,Network Gateway,High,Network Gateway 144,Core Ops,High,10243,Active,Infrastructure,Corporate,10756.03550747881,2026-03-31 08:00:00
AST-504F758A,CSE-TRANSPORT-01,Email Server,Medium,Email Server 145,Core Ops,Standard,1992,Active,Infrastructure,Corporate,2340.711376670456,2026-03-31 08:00:00
AST-A8DABC9E,CSE-INFRA-01,Network Gateway,Medium,Network Gateway 146,Core Ops,Standard,439,Active,Infrastructure,Production,470.55615911809207,2026-03-31 08:00:00
AST-0F72C3C3,CSE-GOV-01,Critical Database,Critical,Critical Database 147,Core Ops,High,13707,Active,Infrastructure,Corporate,14091.791850584636,2026-03-31 08:00:00
AST-65595AA2,CSE-TRANSPORT-01,Network Gateway,Critical,Network Gateway 148,Core Ops,High,18913,Active,Infrastructure,Corporate,19746.654847179634,2026-03-31 08:00:00
AST-1F4FF70C,CSE-BANK-01,Identity Server,Critical,Identity Server 149,Core Ops,High,10223,Active,Infrastructure,Production,12031.94529027424,2026-03-31 08:00:00
AST-173C66DC,CSE-BANK-01,API Gateway,Medium,API Gateway 150,Core Ops,Standard,491,Active,Infrastructure,Corporate,547.602662625821,2026-03-31 08:00:00
AST-41D586A4,CSE-GOV-01,Backup System,Critical,Backup System 151,Core Ops,High,5630,Active,Infrastructure,Staging,4558.140866549218,2026-03-31 08:00:00
AST-43D1875D,CSE-FIN-03,API Gateway,Low,API Gateway 152,Core Ops,Standard,1800,Active,Infrastructure,Corporate,1824.5805812177018,2026-03-31 08:00:00
AST-DFDF7438,CSE-GOV-01,Domain Controller,Medium,Domain Controller 153,Core Ops,Standard,674,Active,Infrastructure,Staging,724.7760357529538,2026-03-31 08:00:00
AST-CF92F77A,CSE-POWER-02,Backup System,High,Backup System 154,Core Ops,High,15847,Active,Infrastructure,Corporate,17423.449915130117,2026-03-31 08:00:00
AST-6EEE6093,CSE-GOV-01,Endpoint Cluster,Medium,Endpoint Cluster 155,Core Ops,Standard,1193,Active,Infrastructure,Production,1056.1114193366107,2026-03-31 08:00:00
AST-509BBC41,CSE-POWER-01,Payment System,High,Payment System 156,Core Ops,High,17721,Active,Infrastructure,Production,20323.699959292968,2026-03-31 08:00:00
AST-69EA302C,CSE-TRANSPORT-01,Payment System,Medium,Payment System 157,Core Ops,Standard,504,Active,Infrastructure,Corporate,595.897978470513,2026-03-31 08:00:00
AST-4092131B,CSE-TELECOM-02,Critical Database,Medium,Critical Database 158,Core Ops,Standard,707,Active,Infrastructure,Production,632.5430884929292,2026-03-31 08:00:00
AST-A5E69FEA,CSE-HEALTH-01,DNS Server,High,DNS Server 159,Core Ops,High,11683,Active,Infrastructure,Corporate,13471.038556069592,2026-03-31 08:00:00
AST-442BAAA8,CSE-FIN-03,Identity Server,Critical,Identity Server 160,Core Ops,High,5277,Active,Infrastructure,Production,4426.302771918974,2026-03-31 08:00:00
AST-4E1B6C17,CSE-GOV-01,Domain Controller,High,Domain Controller 161,Core Ops,High,5232,Active,Infrastructure,Staging,4302.183266621985,2026-03-31 08:00:00
AST-4B45A236,CSE-TELECOM-01,Cloud Workload,High,Cloud Workload 162,Core Ops,High,14744,Active,Infrastructure,Corporate,12557.310283485975,2026-03-31 08:00:00
AST-E2C5283A,CSE-BANK-01,Email Server,Critical,Email Server 163,Core Ops,High,10690,Active,Infrastructure,Staging,8798.900855801046,2026-03-31 08:00:00
AST-B0A1156B,CSE-POWER-01,DNS Server,Critical,DNS Server 164,Core Ops,High,18401,Active,Infrastructure,Staging,20940.42807036137,2026-03-31 08:00:00
AST-21BB9D27,CSE-ENERGY-01,Payment System,Low,Payment System 165,Core Ops,Standard,789,Active,Infrastructure,Corporate,649.8362255910307,2026-03-31 08:00:00
AST-C35145C2,CSE-INFRA-01,API Gateway,Critical,API Gateway 166,Core Ops,High,16462,Active,Infrastructure,Staging,14958.4543672914,2026-03-31 08:00:00
AST-ACF42139,CSE-HEALTH-01,Network Gateway,Critical,Network Gateway 167,Core Ops,High,15601,Active,Infrastructure,Corporate,13128.281086201157,2026-03-31 08:00:00
AST-E7F261F5,CSE-FIN-03,Network Gateway,Medium,Network Gateway 168,Core Ops,Standard,1340,Active,Infrastructure,Staging,1230.3462114641782,2026-03-31 08:00:00
AST-ADD5963C,CSE-TELECOM-02,Endpoint Cluster,High,Endpoint Cluster 169,Core Ops,High,5025,Active,Infrastructure,Corporate,4202.024529877851,2026-03-31 08:00:00
AST-827B41C3,CSE-HEALTH-01,Domain Controller,Low,Domain Controller 170,Core Ops,Standard,465,Active,Infrastructure,Corporate,496.2486046382006,2026-03-31 08:00:00
AST-303A6E88,CSE-GOV-01,Identity Server,Medium,Identity Server 171,Core Ops,Standard,1822,Active,Infrastructure,Production,1554.768583750469,2026-03-31 08:00:00
AST-014FFC1C,CSE-POWER-02,Identity Server,Medium,Identity Server 172,Core Ops,Standard,1627,Active,Infrastructure,Corporate,1855.9813285359483,2026-03-31 08:00:00
AST-8144720C,CSE-BANK-01,Core Application,High,Core Application 173,Core Ops,High,11410,Active,Infrastructure,Corporate,12857.659955516388,2026-03-31 08:00:00
AST-645AFE9E,CSE-BANK-01,VPN Gateway,Critical,VPN Gateway 174,Core Ops,High,13652,Active,Infrastructure,Staging,10996.203732017904,2026-03-31 08:00:00
AST-2A3CCEF4,CSE-ENERGY-01,SCADA Gateway,Critical,SCADA Gateway 175,Core Ops,High,8764,Active,Infrastructure,Corporate,43.0,2025-12-19 00:00:00
AST-82DCA53E,CSE-POWER-02,Payment System,Low,Payment System 176,Core Ops,Standard,203,Active,Infrastructure,Production,164.75027851956142,2026-03-31 08:00:00
AST-B6FA6184,CSE-INFRA-01,Identity Server,High,Identity Server 177,Core Ops,High,16623,Active,Infrastructure,Staging,14891.852753339785,2026-03-31 08:00:00
AST-5388AF98,CSE-TRANSPORT-01,Endpoint Cluster,Critical,Endpoint Cluster 178,Core Ops,High,18379,Active,Infrastructure,Staging,14941.311985274006,2026-03-31 08:00:00
AST-A06CA87F,CSE-BANK-02,API Gateway,Low,API Gateway 179,Core Ops,Standard,1381,Active,Infrastructure,Production,1290.3199422405182,2026-03-31 08:00:00
AST-7DAD6B6D,CSE-POWER-01,Domain Controller,Critical,Domain Controller 180,Core Ops,High,12006,Active,Infrastructure,Staging,12072.592603085415,2026-03-31 08:00:00
AST-8346D02B,CSE-BANK-01,Email Server,Critical,Email Server 181,Core Ops,High,8483,Active,Infrastructure,Staging,9489.575369542166,2026-03-31 08:00:00
AST-E035F9E2,CSE-TELECOM-01,Core Application,High,Core Application 182,Core Ops,High,6994,Active,Infrastructure,Staging,6540.737185594414,2026-03-31 08:00:00
AST-406A1E31,CSE-BANK-01,Endpoint Cluster,Low,Endpoint Cluster 183,Core Ops,Standard,992,Active,Infrastructure,Staging,1073.5384417902926,2026-03-31 08:00:00
AST-EED57957,CSE-HEALTH-01,Industrial Control System,High,Industrial Control System 184,Core Ops,High,6072,Active,Infrastructure,Production,5313.01082545058,2026-03-31 08:00:00
AST-EEF059B5,CSE-BANK-01,Critical Database,Medium,Critical Database 185,Core Ops,Standard,1673,Active,Infrastructure,Production,1840.7004872531695,2026-03-31 08:00:00
AST-B24DA024,CSE-FIN-03,Email Server,Medium,Email Server 186,Core Ops,Standard,787,Active,Infrastructure,Staging,703.891731540228,2026-03-31 08:00:00
AST-67AAB0A6,CSE-BANK-01,VPN Gateway,High,VPN Gateway 187,Core Ops,High,5215,Active,Infrastructure,Staging,4471.4343608987,2026-03-31 08:00:00
AST-227542E4,CSE-BANK-02,Industrial Control System,Medium,Industrial Control System 188,Core Ops,Standard,1399,Active,Infrastructure,Production,1222.9547926693208,2026-03-31 08:00:00
AST-573B3AEB,CSE-BANK-02,Cloud Workload,High,Cloud Workload 189,Core Ops,High,14915,Active,Infrastructure,Production,13018.18862690915,2026-03-31 08:00:00
AST-B7E87017,CSE-INFRA-01,VPN Gateway,High,VPN Gateway 190,Core Ops,High,14784,Active,Infrastructure,Production,14860.065923483777,2026-03-31 08:00:00
AST-5FC0D595,CSE-TELECOM-02,Network Gateway,Medium,Network Gateway 191,Core Ops,Standard,1056,Active,Infrastructure,Staging,1201.642498293873,2026-03-31 08:00:00
AST-A2106D57,CSE-TRANSPORT-01,Critical Database,Low,Critical Database 192,Core Ops,Standard,898,Active,Infrastructure,Staging,746.9941436557081,2026-03-31 08:00:00
AST-1A28757C,CSE-TELECOM-01,Payment System,Medium,Payment System 193,Core Ops,Standard,1214,Active,Infrastructure,Corporate,1314.497988260406,2026-03-31 08:00:00
AST-FFAE5E33,CSE-BANK-01,API Gateway,Medium,API Gateway 194,Core Ops,Standard,579,Active,Infrastructure,Production,614.7466400556018,2026-03-31 08:00:00
AST-A55F5C76,CSE-BANK-01,Critical Database,High,Critical Database 195,Core Ops,High,8313,Active,Infrastructure,Staging,9551.703343822996,2026-03-31 08:00:00
AST-3E4F19F4,CSE-POWER-01,VPN Gateway,High,VPN Gateway 196,Core Ops,High,16033,Active,Infrastructure,Production,14392.167135042897,2026-03-31 08:00:00
AST-F3A519CA,CSE-BANK-02,SCADA Gateway,High,SCADA Gateway 197,Core Ops,High,14968,Active,Infrastructure,Staging,14669.297745919008,2026-03-31 08:00:00
AST-F019CF03,CSE-TELECOM-01,Industrial Control System,High,Industrial Control System 198,Core Ops,High,15244,Active,Infrastructure,Production,17840.52499840679,2026-03-31 08:00:00
AST-20636551,CSE-INFRA-01,Payment System,Critical,Payment System 199,Core Ops,High,12763,Active,Infrastructure,Staging,13579.798561630821,2026-03-31 08:00:00
AST-692EEBB6,CSE-ENERGY-01,Backup System,Critical,Backup System 200,Core Ops,High,10939,Active,Infrastructure,Corporate,10452.295067317204,2026-03-31 08:00:00
AST-2995C26E,CSE-TELECOM-02,SCADA Gateway,Critical,SCADA Gateway 201,Core Ops,High,19696,Active,Infrastructure,Corporate,16792.11931708695,2026-03-31 08:00:00
AST-3BED47C6,CSE-TRANSPORT-01,Network Gateway,High,Network Gateway 202,Core Ops,High,19794,Active,Infrastructure,Production,17913.451298553722,2026-03-31 08:00:00
AST-41DE0763,CSE-POWER-02,SCADA Gateway,Medium,SCADA Gateway 203,Core Ops,Standard,1523,Active,Infrastructure,Staging,1572.476468886532,2026-03-31 08:00:00
AST-ECC22DE9,CSE-TRANSPORT-01,Core Application,Low,Core Application 204,Core Ops,Standard,352,Active,Infrastructure,Staging,382.7180470165203,2026-03-31 08:00:00
AST-BE7EE703,CSE-FIN-03,Core Application,High,Core Application 205,Core Ops,High,6696,Active,Infrastructure,Production,5690.051581744112,2026-03-31 08:00:00
AST-EF1E9903,CSE-HEALTH-01,Cloud Workload,Low,Cloud Workload 206,Core Ops,Standard,902,Active,Infrastructure,Staging,937.9346914238947,2026-03-31 08:00:00
AST-5FD6977D,CSE-FIN-03,VPN Gateway,Low,VPN Gateway 207,Core Ops,Standard,1111,Active,Infrastructure,Production,1133.376108315941,2026-03-31 08:00:00
AST-2CB13589,CSE-BANK-01,Domain Controller,High,Domain Controller 208,Core Ops,High,6946,Active,Infrastructure,Staging,6984.773813085464,2026-03-31 08:00:00
AST-00FD391A,CSE-TELECOM-02,Email Server,Medium,Email Server 209,Core Ops,Standard,1822,Active,Infrastructure,Production,1960.5617281666473,2026-03-31 08:00:00
AST-88E7E85A,CSE-HEALTH-01,Email Server,Medium,Email Server 210,Core Ops,Standard,1016,Active,Infrastructure,Staging,1153.1395154419188,2026-03-31 08:00:00
AST-6C9A6CF1,CSE-TELECOM-01,Backup System,Medium,Backup System 211,Core Ops,Standard,598,Active,Infrastructure,Production,555.6591322159069,2026-03-31 08:00:00
AST-892974B5,CSE-POWER-02,Backup System,Critical,Backup System 212,Core Ops,High,8644,Active,Infrastructure,Staging,9989.048548527653,2026-03-31 08:00:00
AST-EE2F2414,CSE-BANK-02,Payment System,Medium,Payment System 213,Core Ops,Standard,607,Active,Infrastructure,Corporate,524.6018411437841,2026-03-31 08:00:00
AST-EFA4AB15,CSE-TELECOM-02,Network Gateway,Critical,Network Gateway 214,Core Ops,High,11420,Active,Infrastructure,Staging,9926.373037023319,2026-03-31 08:00:00
AST-8DDB9F51,CSE-TELECOM-02,Identity Server,Medium,Identity Server 215,Core Ops,Standard,600,Active,Infrastructure,Production,544.0252952697417,2026-03-31 08:00:00
AST-153F1B68,CSE-FIN-03,Cloud Workload,Medium,Cloud Workload 216,Core Ops,Standard,902,Active,Infrastructure,Corporate,764.7267377325858,2026-03-31 08:00:00
AST-3ABF9757,CSE-BANK-01,Core Application,Medium,Core Application 217,Core Ops,Standard,697,Active,Infrastructure,Staging,621.8129998415862,2026-03-31 08:00:00
AST-591DEA8E,CSE-GOV-01,Payment System,Medium,Payment System 218,Core Ops,Standard,265,Active,Infrastructure,Corporate,223.27964686770156,2026-03-31 08:00:00
AST-EB6175DE,CSE-INFRA-01,Identity Server,Medium,Identity Server 219,Core Ops,Standard,1538,Active,Infrastructure,Staging,1735.9420869294122,2026-03-31 08:00:00
AST-27852D75,CSE-FIN-03,Email Server,High,Email Server 220,Core Ops,High,11589,Active,Infrastructure,Corporate,9915.404658789637,2026-03-31 08:00:00
AST-F3920FA1,CSE-TELECOM-02,Domain Controller,High,Domain Controller 221,Core Ops,High,11353,Active,Infrastructure,Production,12476.027668390821,2026-03-31 08:00:00
AST-44579664,CSE-POWER-01,SCADA Gateway,Low,SCADA Gateway 222,Core Ops,Standard,213,Active,Infrastructure,Staging,174.48226154621605,2026-03-31 08:00:00
AST-F2C3C5DE,CSE-POWER-02,Core Application,Critical,Core Application 223,Core Ops,High,6932,Active,Infrastructure,Staging,8175.657164130584,2026-03-31 08:00:00
AST-589F86A8,CSE-INFRA-01,Payment System,High,Payment System 224,Core Ops,High,16486,Active,Infrastructure,Production,17878.474081193104,2026-03-31 08:00:00
AST-3231D5ED,CSE-FIN-03,Critical Database,High,Critical Database 225,Core Ops,High,6757,Active,Infrastructure,Corporate,5423.969711518544,2026-03-31 08:00:00
AST-E22520BB,CSE-POWER-02,Identity Server,High,Identity Server 226,Core Ops,High,19338,Active,Infrastructure,Production,21378.982800348695,2026-03-31 08:00:00
AST-560F23CC,CSE-POWER-01,SCADA Gateway,Low,SCADA Gateway 227,Core Ops,Standard,306,Active,Infrastructure,Production,307.72362710178106,2026-03-31 08:00:00
AST-881DFDA9,CSE-ENERGY-01,Core Application,Medium,Core Application 228,Core Ops,Standard,1891,Active,Infrastructure,Corporate,2102.3118148414846,2026-03-31 08:00:00
AST-28772C60,CSE-POWER-01,Email Server,Low,Email Server 229,Core Ops,Standard,1358,Active,Infrastructure,Production,1370.2202665893676,2026-03-31 08:00:00
AST-5CDC3A4E,CSE-POWER-01,Endpoint Cluster,Medium,Endpoint Cluster 230,Core Ops,Standard,1565,Active,Infrastructure,Staging,1653.2815608797318,2026-03-31 08:00:00
AST-85EDACD2,CSE-POWER-02,Network Gateway,Critical,Network Gateway 231,Core Ops,High,16691,Active,Infrastructure,Staging,18602.664664079446,2026-03-31 08:00:00
AST-DDAC30A1,CSE-TRANSPORT-01,Identity Server,Critical,Identity Server 232,Core Ops,High,5492,Active,Infrastructure,Staging,5283.541374318604,2026-03-31 08:00:00
AST-690485B8,CSE-POWER-02,Email Server,Medium,Email Server 233,Core Ops,Standard,1331,Active,Infrastructure,Production,1066.2418189644088,2026-03-31 08:00:00
AST-59E44C28,CSE-GOV-01,Core Application,High,Core Application 234,Core Ops,High,13811,Active,Infrastructure,Staging,15744.244422199597,2026-03-31 08:00:00
AST-44626DA2,CSE-BANK-01,Identity Server,Low,Identity Server 235,Core Ops,Standard,1976,Active,Infrastructure,Staging,1881.8557426185332,2026-03-31 08:00:00
AST-F96BDB11,CSE-HEALTH-01,Cloud Workload,Low,Cloud Workload 236,Core Ops,Standard,1248,Active,Infrastructure,Staging,1246.0245288274782,2026-03-31 08:00:00
AST-1C0DEC48,CSE-TRANSPORT-01,SCADA Gateway,Critical,SCADA Gateway 237,Core Ops,High,17015,Active,Infrastructure,Staging,13664.859766499912,2026-03-31 08:00:00
AST-F3951ABE,CSE-BANK-02,DNS Server,Low,DNS Server 238,Core Ops,Standard,438,Active,Infrastructure,Staging,436.61452021333713,2026-03-31 08:00:00
AST-01DA8E02,CSE-HEALTH-01,Core Application,Low,Core Application 239,Core Ops,Standard,636,Active,Infrastructure,Staging,759.7623949598478,2026-03-31 08:00:00
AST-E718579B,CSE-BANK-01,Cloud Workload,Medium,Cloud Workload 240,Core Ops,Standard,167,Active,Infrastructure,Production,152.18827974269382,2026-03-31 08:00:00
AST-01067721,CSE-FIN-03,Industrial Control System,High,Industrial Control System 241,Core Ops,High,14738,Active,Infrastructure,Staging,14121.469786732869,2026-03-31 08:00:00
AST-056BE10D,CSE-INFRA-01,Payment System,Critical,Payment System 242,Core Ops,High,9958,Active,Infrastructure,Staging,10703.61519393403,2026-03-31 08:00:00
AST-E9BF0F31,CSE-GOV-01,Endpoint Cluster,Medium,Endpoint Cluster 243,Core Ops,Standard,482,Active,Infrastructure,Corporate,542.6922190985614,2026-03-31 08:00:00
AST-15720FF3,CSE-GOV-01,Backup System,High,Backup System 244,Core Ops,High,16755,Active,Infrastructure,Production,16201.358664088884,2026-03-31 08:00:00
AST-129B5DC5,CSE-BANK-02,SCADA Gateway,High,SCADA Gateway 245,Core Ops,High,14797,Active,Infrastructure,Production,13670.468110131169,2026-03-31 08:00:00
AST-CFC8AB0D,CSE-TRANSPORT-01,Identity Server,Medium,Identity Server 246,Core Ops,Standard,1573,Active,Infrastructure,Production,1848.4799933506042,2026-03-31 08:00:00
AST-4F49F629,CSE-ENERGY-01,Network Gateway,High,Network Gateway 247,Core Ops,High,19607,Active,Infrastructure,Production,20996.312544612567,2026-03-31 08:00:00
AST-9C34B3FA,CSE-POWER-01,Email Server,Medium,Email Server 248,Core Ops,Standard,672,Active,Infrastructure,Staging,569.5929266477564,2026-03-31 08:00:00
AST-3C4283EC,CSE-TRANSPORT-01,Backup System,Low,Backup System 249,Core Ops,Standard,1038,Active,Infrastructure,Staging,859.0188550015062,2026-03-31 08:00:00
AST-799F73A0,CSE-INFRA-01,Critical Database,Low,Critical Database 250,Core Ops,Standard,1788,Active,Infrastructure,Corporate,1776.234853285272,2026-03-31 08:00:00
AST-28CC294E,CSE-ENERGY-01,Email Server,High,Email Server 251,Core Ops,High,19895,Active,Infrastructure,Corporate,17667.476745604195,2026-03-31 08:00:00
AST-BC89666A,CSE-GOV-01,Identity Server,Low,Identity Server 252,Core Ops,Standard,1171,Active,Infrastructure,Production,1055.7664584814372,2026-03-31 08:00:00
AST-E8C3A101,CSE-POWER-02,Endpoint Cluster,High,Endpoint Cluster 253,Core Ops,High,19143,Active,Infrastructure,Corporate,22035.0645517206,2026-03-31 08:00:00
AST-5D486805,CSE-INFRA-01,VPN Gateway,High,VPN Gateway 254,Core Ops,High,12866,Active,Infrastructure,Corporate,10753.742587541463,2026-03-31 08:00:00
AST-BF011B52,CSE-BANK-01,Email Server,Medium,Email Server 255,Core Ops,Standard,750,Active,Infrastructure,Production,814.6092345686669,2026-03-31 08:00:00
AST-EE483973,CSE-BANK-02,VPN Gateway,Critical,VPN Gateway 256,Core Ops,High,12160,Active,Infrastructure,Production,11046.83592044318,2026-03-31 08:00:00
AST-829C4B6C,CSE-BANK-01,Payment System,Critical,Payment System 257,Core Ops,High,10451,Active,Infrastructure,Corporate,11539.276096757856,2026-03-31 08:00:00
AST-7449CEC8,CSE-INFRA-01,Endpoint Cluster,Medium,Endpoint Cluster 258,Core Ops,Standard,794,Active,Infrastructure,Staging,864.6378557056217,2026-03-31 08:00:00
AST-C0627728,CSE-TELECOM-01,Core Application,High,Core Application 259,Core Ops,High,13548,Active,Infrastructure,Corporate,10878.458192306913,2026-03-31 08:00:00
AST-EF7C4DB2,CSE-TELECOM-01,Cloud Workload,High,Cloud Workload 260,Core Ops,High,18912,Active,Infrastructure,Corporate,18981.107571669316,2026-03-31 08:00:00
AST-9290E7D9,CSE-FIN-03,Critical Database,Critical,Critical Database 261,Core Ops,High,19609,Active,Infrastructure,Staging,16779.966291980447,2026-03-31 08:00:00
AST-B4368132,CSE-TRANSPORT-01,API Gateway,Medium,API Gateway 262,Core Ops,Standard,1438,Active,Infrastructure,Staging,1648.653787988855,2026-03-31 08:00:00
AST-10C2916E,CSE-GOV-01,Identity Server,Medium,Identity Server 263,Core Ops,Standard,1000,Active,Infrastructure,Production,1148.6343531449625,2026-03-31 08:00:00
AST-51D19BA3,CSE-GOV-01,Domain Controller,High,Domain Controller 264,Core Ops,High,19646,Active,Infrastructure,Production,19004.32869360895,2026-03-31 08:00:00
AST-DAD9D767,CSE-POWER-01,API Gateway,Critical,API Gateway 265,Core Ops,High,14061,Active,Infrastructure,Corporate,13748.258716416258,2026-03-31 08:00:00
AST-102F3676,CSE-POWER-01,Email Server,High,Email Server 266,Core Ops,High,14077,Active,Infrastructure,Staging,12969.325575199011,2026-03-31 08:00:00
AST-DAFABE41,CSE-POWER-01,Backup System,High,Backup System 267,Core Ops,High,15193,Active,Infrastructure,Production,16509.3598000399,2026-03-31 08:00:00
AST-687D2715,CSE-POWER-02,Identity Server,Medium,Identity Server 268,Core Ops,Standard,1881,Active,Infrastructure,Corporate,1774.6568095411078,2026-03-31 08:00:00
AST-E5121290,CSE-HEALTH-01,Cloud Workload,High,Cloud Workload 269,Core Ops,High,18701,Active,Infrastructure,Staging,16963.99482641911,2026-03-31 08:00:00
AST-07026EB5,CSE-TELECOM-02,Industrial Control System,High,Industrial Control System 270,Core Ops,High,14475,Active,Infrastructure,Corporate,14082.617834531102,2026-03-31 08:00:00
AST-D1D0002B,CSE-HEALTH-01,Cloud Workload,Medium,Cloud Workload 271,Core Ops,Standard,1591,Active,Infrastructure,Production,1331.0226567017787,2026-03-31 08:00:00
AST-D38A6E49,CSE-BANK-01,Domain Controller,Medium,Domain Controller 272,Core Ops,Standard,1801,Active,Infrastructure,Production,1978.6529486256843,2026-03-31 08:00:00
AST-1EEEFFEC,CSE-HEALTH-01,Critical Database,Medium,Critical Database 273,Core Ops,Standard,1137,Active,Infrastructure,Staging,915.3288432984087,2026-03-31 08:00:00
AST-72E2DC52,CSE-POWER-02,Cloud Workload,High,Cloud Workload 274,Core Ops,High,8642,Active,Infrastructure,Corporate,9141.455960664389,2026-03-31 08:00:00
AST-94F1B550,CSE-FIN-03,Network Gateway,High,Network Gateway 275,Core Ops,High,19460,Active,Infrastructure,Staging,16991.41747625993,2026-03-31 08:00:00
AST-52DB71D1,CSE-BANK-01,Industrial Control System,High,Industrial Control System 276,Core Ops,High,16617,Active,Infrastructure,Production,14838.343214377961,2026-03-31 08:00:00
AST-EE892A5D,CSE-HEALTH-01,API Gateway,High,API Gateway 277,Core Ops,High,6296,Active,Infrastructure,Production,6637.575625375077,2026-03-31 08:00:00
AST-EEB2FBE1,CSE-POWER-02,Core Application,Medium,Core Application 278,Core Ops,Standard,1278,Active,Infrastructure,Corporate,1529.992699708222,2026-03-31 08:00:00
AST-C7005296,CSE-TELECOM-02,Payment System,Low,Payment System 279,Core Ops,Standard,1690,Active,Infrastructure,Corporate,1877.7370226130445,2026-03-31 08:00:00
AST-9A4A3E91,CSE-HEALTH-01,Network Gateway,Medium,Network Gateway 280,Core Ops,Standard,793,Active,Infrastructure,Corporate,706.0363313412599,2026-03-31 08:00:00
AST-B88F6D71,CSE-POWER-02,DNS Server,Medium,DNS Server 281,Core Ops,Standard,1845,Active,Infrastructure,Staging,1605.9062692203568,2026-03-31 08:00:00
AST-6F0E424F,CSE-POWER-01,Industrial Control System,Critical,Industrial Control System 282,Core Ops,High,11593,Active,Infrastructure,Corporate,13291.295066005241,2026-03-31 08:00:00
AST-FB257F01,CSE-GOV-01,Core Application,Medium,Core Application 283,Core Ops,Standard,570,Active,Infrastructure,Corporate,557.273940126103,2026-03-31 08:00:00
AST-7FA23770,CSE-POWER-01,Core Application,Critical,Core Application 284,Core Ops,High,10366,Active,Infrastructure,Production,8861.075741646664,2026-03-31 08:00:00
AST-D1C91A56,CSE-GOV-01,Identity Server,Medium,Identity Server 285,Core Ops,Standard,376,Active,Infrastructure,Production,430.4765980676195,2026-03-31 08:00:00
AST-579E201F,CSE-BANK-02,Industrial Control System,Critical,Industrial Control System 286,Core Ops,High,8212,Active,Infrastructure,Corporate,9250.300160852765,2026-03-31 08:00:00
AST-D1E7CEB7,CSE-BANK-02,Critical Database,High,Critical Database 287,Core Ops,High,7409,Active,Infrastructure,Corporate,8843.104900045633,2026-03-31 08:00:00
AST-E74A5E9E,CSE-BANK-02,Email Server,Critical,Email Server 288,Core Ops,High,13199,Active,Infrastructure,Production,15362.282768368284,2026-03-31 08:00:00
AST-710939EF,CSE-TELECOM-02,Domain Controller,Low,Domain Controller 289,Core Ops,Standard,1548,Active,Infrastructure,Corporate,1765.8285776986072,2026-03-31 08:00:00
AST-ADA7A4DA,CSE-POWER-01,DNS Server,High,DNS Server 290,Core Ops,High,8423,Active,Infrastructure,Staging,6915.533661104832,2026-03-31 08:00:00
AST-FCA8D2F2,CSE-GOV-01,Domain Controller,High,Domain Controller 291,Core Ops,High,15211,Active,Infrastructure,Staging,12804.10487417435,2026-03-31 08:00:00
AST-5FD79C19,CSE-POWER-02,API Gateway,Critical,API Gateway 292,Core Ops,High,17782,Active,Infrastructure,Staging,18272.663664446365,2026-03-31 08:00:00
AST-A77E0050,CSE-BANK-01,API Gateway,Medium,API Gateway 293,Core Ops,Standard,1100,Active,Infrastructure,Corporate,1113.8508683640011,2026-03-31 08:00:00
AST-632CC57C,CSE-POWER-02,Domain Controller,Medium,Domain Controller 294,Core Ops,Standard,1305,Active,Infrastructure,Production,1283.0567979635375,2026-03-31 08:00:00
AST-B9FD6E9E,CSE-BANK-01,Cloud Workload,Medium,Cloud Workload 295,Core Ops,Standard,557,Active,Infrastructure,Corporate,534.0046617023694,2026-03-31 08:00:00
AST-5943F242,CSE-TELECOM-01,Critical Database,High,Critical Database 296,Core Ops,High,10158,Active,Infrastructure,Corporate,9878.494442100742,2026-03-31 08:00:00
AST-C38C2933,CSE-POWER-02,VPN Gateway,Medium,VPN Gateway 297,Core Ops,Standard,1974,Active,Infrastructure,Production,2028.7176487928346,2026-03-31 08:00:00
AST-9A7F04B2,CSE-HEALTH-01,Cloud Workload,Critical,Cloud Workload 298,Core Ops,High,17474,Active,Infrastructure,Production,13993.714027417527,2026-03-31 08:00:00
AST-DADEF681,CSE-HEALTH-01,Backup System,Low,Backup System 299,Core Ops,Standard,1187,Active,Infrastructure,Production,1073.3845259582781,2026-03-31 08:00:00
AST-808B8826,CSE-TRANSPORT-01,Cloud Workload,Medium,Cloud Workload 300,Core Ops,Standard,938,Active,Infrastructure,Staging,944.8585512024043,2026-03-31 08:00:00
AST-1EAAB73D,CSE-POWER-01,Payment System,High,Payment System 301,Core Ops,High,15993,Active,Infrastructure,Corporate,17414.56082643505,2026-03-31 08:00:00
AST-766EB9AA,CSE-BANK-01,SCADA Gateway,High,SCADA Gateway 302,Core Ops,High,10973,Active,Infrastructure,Production,9542.808554261874,2026-03-31 08:00:00
AST-28E2E463,CSE-BANK-01,Email Server,High,Email Server 303,Core Ops,High,11236,Active,Infrastructure,Corporate,41.0,2025-12-06 00:00:00
AST-B667A661,CSE-INFRA-01,Payment System,Critical,Payment System 304,Core Ops,High,13277,Active,Infrastructure,Staging,14415.952489180609,2026-03-31 08:00:00
AST-ACFA6486,CSE-FIN-03,Identity Server,High,Identity Server 305,Core Ops,High,16307,Active,Infrastructure,Staging,15945.817287040818,2026-03-31 08:00:00
AST-77124FE1,CSE-POWER-01,SCADA Gateway,Medium,SCADA Gateway 306,Core Ops,Standard,1849,Active,Infrastructure,Production,1499.2292064623698,2026-03-31 08:00:00
AST-5A5934E3,CSE-TELECOM-02,SCADA Gateway,Critical,SCADA Gateway 307,Core Ops,High,7468,Active,Infrastructure,Production,7316.45384296855,2026-03-31 08:00:00
AST-A96E1D77,CSE-TRANSPORT-01,Industrial Control System,High,Industrial Control System 308,Core Ops,High,11217,Active,Infrastructure,Corporate,10303.688922330466,2026-03-31 08:00:00
AST-3709EB29,CSE-TELECOM-02,Critical Database,High,Critical Database 309,Core Ops,High,8619,Active,Infrastructure,Production,10100.2599875111,2026-03-31 08:00:00
AST-1D911A5C,CSE-TELECOM-02,Critical Database,High,Critical Database 310,Core Ops,High,6636,Active,Infrastructure,Corporate,5639.573770944553,2026-03-31 08:00:00
AST-EA62A689,CSE-TELECOM-02,SCADA Gateway,Low,SCADA Gateway 311,Core Ops,Standard,529,Active,Infrastructure,Production,561.2639121853302,2026-03-31 08:00:00
AST-2D04B25D,CSE-POWER-01,Backup System,High,Backup System 312,Core Ops,High,8583,Active,Infrastructure,Corporate,7047.397501779609,2026-03-31 08:00:00
AST-3AC2F739,CSE-TELECOM-02,Cloud Workload,Medium,Cloud Workload 313,Core Ops,Standard,1557,Active,Infrastructure,Corporate,1523.4749486697474,2026-03-31 08:00:00
AST-51570139,CSE-HEALTH-01,Industrial Control System,Low,Industrial Control System 314,Core Ops,Standard,1527,Active,Infrastructure,Corporate,1559.9706707940252,2026-03-31 08:00:00
AST-9DA7D44A,CSE-FIN-03,Email Server,Medium,Email Server 315,Core Ops,Standard,533,Active,Infrastructure,Corporate,489.9239913567557,2026-03-31 08:00:00
AST-70F64AAD,CSE-FIN-03,SCADA Gateway,Low,SCADA Gateway 316,Core Ops,Standard,1235,Active,Infrastructure,Staging,1212.80736394707,2026-03-31 08:00:00
AST-2E33F6BE,CSE-BANK-02,Network Gateway,Critical,Network Gateway 317,Core Ops,High,19039,Active,Infrastructure,Corporate,16476.760277624096,2026-03-31 08:00:00
AST-151D0BB2,CSE-TELECOM-01,API Gateway,Low,API Gateway 318,Core Ops,Standard,1182,Active,Infrastructure,Production,1089.3897560284875,2026-03-31 08:00:00
AST-5376C0A5,CSE-BANK-01,API Gateway,High,API Gateway 319,Core Ops,High,19075,Active,Infrastructure,Staging,19999.04125906485,2026-03-31 08:00:00
AST-ED4FAAA8,CSE-INFRA-01,Payment System,High,Payment System 320,Core Ops,High,9967,Active,Infrastructure,Staging,9176.816462707253,2026-03-31 08:00:00
AST-C6BA5171,CSE-BANK-01,Identity Server,Medium,Identity Server 321,Core Ops,Standard,879,Active,Infrastructure,Corporate,1019.5496663685593,2026-03-31 08:00:00
AST-B2007683,CSE-TELECOM-01,Endpoint Cluster,Low,Endpoint Cluster 322,Core Ops,Standard,1419,Active,Infrastructure,Staging,1491.8837891570258,2026-03-31 08:00:00
AST-CE822F9A,CSE-INFRA-01,Endpoint Cluster,Low,Endpoint Cluster 323,Core Ops,Standard,1241,Active,Infrastructure,Corporate,1210.5453727516226,2026-03-31 08:00:00
AST-3006D03B,CSE-POWER-01,API Gateway,High,API Gateway 324,Core Ops,High,14135,Active,Infrastructure,Production,11527.131713623348,2026-03-31 08:00:00
AST-2D026BE0,CSE-POWER-02,VPN Gateway,High,VPN Gateway 325,Core Ops,High,10722,Active,Infrastructure,Corporate,10720.062900025794,2026-03-31 08:00:00
AST-1F4D7AFC,CSE-POWER-01,Core Application,Low,Core Application 326,Core Ops,Standard,265,Active,Infrastructure,Staging,293.06628166525945,2026-03-31 08:00:00
AST-B8952900,CSE-BANK-01,Payment System,High,Payment System 327,Core Ops,High,15852,Active,Infrastructure,Production,14365.447617477113,2026-03-31 08:00:00
AST-E51A2868,CSE-BANK-01,Endpoint Cluster,Medium,Endpoint Cluster 328,Core Ops,Standard,1279,Active,Infrastructure,Corporate,1435.9453582323092,2026-03-31 08:00:00
AST-2C9333ED,CSE-INFRA-01,API Gateway,Low,API Gateway 329,Core Ops,Standard,1307,Active,Infrastructure,Production,1177.244577291401,2026-03-31 08:00:00
AST-BA98298F,CSE-INFRA-01,Identity Server,Critical,Identity Server 330,Core Ops,High,12618,Active,Infrastructure,Production,14252.01276926528,2026-03-31 08:00:00
AST-EC9D5F7D,CSE-TELECOM-01,Endpoint Cluster,Critical,Endpoint Cluster 331,Core Ops,High,8947,Active,Infrastructure,Staging,7462.758340959871,2026-03-31 08:00:00
AST-306F93E8,CSE-TELECOM-02,Cloud Workload,Critical,Cloud Workload 332,Core Ops,High,6676,Active,Infrastructure,Production,7653.856976163856,2026-03-31 08:00:00
AST-B9B4AA98,CSE-POWER-01,Cloud Workload,High,Cloud Workload 333,Core Ops,High,6196,Active,Infrastructure,Staging,6193.983699993167,2026-03-31 08:00:00
AST-C49C1AC3,CSE-INFRA-01,Critical Database,Low,Critical Database 334,Core Ops,Standard,1957,Active,Infrastructure,Production,1797.7296251547411,2026-03-31 08:00:00
AST-784D0188,CSE-GOV-01,Backup System,Critical,Backup System 335,Core Ops,High,7787,Active,Infrastructure,Corporate,7055.374752393106,2026-03-31 08:00:00
AST-A482583D,CSE-TELECOM-01,Critical Database,Low,Critical Database 336,Core Ops,Standard,1044,Active,Infrastructure,Production,1015.6076094093194,2026-03-31 08:00:00
AST-4E2574A6,CSE-HEALTH-01,Email Server,High,Email Server 337,Core Ops,High,14653,Active,Infrastructure,Corporate,17578.028918285083,2026-03-31 08:00:00
AST-7512C23C,CSE-BANK-01,SCADA Gateway,Low,SCADA Gateway 338,Core Ops,Standard,1957,Active,Infrastructure,Corporate,1738.0722835829397,2026-03-31 08:00:00
AST-29D4A8F4,CSE-TELECOM-01,Network Gateway,Critical,Network Gateway 339,Core Ops,High,8318,Active,Infrastructure,Production,6997.822434150207,2026-03-31 08:00:00
AST-BE4D1578,CSE-POWER-01,Critical Database,High,Critical Database 340,Core Ops,High,13858,Active,Infrastructure,Corporate,14329.366947241286,2026-03-31 08:00:00
AST-4B743F6C,CSE-INFRA-01,DNS Server,High,DNS Server 341,Core Ops,High,11689,Active,Infrastructure,Production,11635.429156088067,2026-03-31 08:00:00
AST-A68E6183,CSE-BANK-01,Endpoint Cluster,Medium,Endpoint Cluster 342,Core Ops,Standard,1710,Active,Infrastructure,Production,1726.5502494073023,2026-03-31 08:00:00
AST-A650463B,CSE-POWER-02,VPN Gateway,Medium,VPN Gateway 343,Core Ops,Standard,975,Active,Infrastructure,Corporate,1040.1048128473146,2026-03-31 08:00:00
AST-92122454,CSE-TELECOM-01,Industrial Control System,Low,Industrial Control System 344,Core Ops,Standard,1934,Active,Infrastructure,Corporate,1753.8626524519343,2026-03-31 08:00:00
AST-E2BC41F4,CSE-TRANSPORT-01,API Gateway,High,API Gateway 345,Core Ops,High,13792,Active,Infrastructure,Staging,16057.556646533834,2026-03-31 08:00:00
AST-31F85070,CSE-BANK-01,Industrial Control System,High,Industrial Control System 346,Core Ops,High,15844,Active,Infrastructure,Corporate,15436.315286256628,2026-03-31 08:00:00
AST-E48090D2,CSE-POWER-01,DNS Server,Medium,DNS Server 347,Core Ops,Standard,1131,Active,Infrastructure,Staging,963.1985946824498,2026-03-31 08:00:00
AST-968FA5E8,CSE-BANK-02,Identity Server,Critical,Identity Server 348,Core Ops,High,8824,Active,Infrastructure,Corporate,9679.217691768128,2026-03-31 08:00:00
AST-C1D16ABF,CSE-GOV-01,Critical Database,Critical,Critical Database 349,Core Ops,High,17098,Active,Infrastructure,Production,18076.719288424,2026-03-31 08:00:00
AST-7C4F4465,CSE-ENERGY-01,Network Gateway,Low,Network Gateway 350,Core Ops,Standard,1085,Active,Infrastructure,Corporate,1005.0326366780721,2026-03-31 08:00:00
AST-4E48E2BC,CSE-TELECOM-02,Identity Server,Low,Identity Server 351,Core Ops,Standard,1025,Active,Infrastructure,Production,1074.82267685396,2026-03-31 08:00:00
AST-BEE541F1,CSE-ENERGY-01,Core Application,Low,Core Application 352,Core Ops,Standard,1844,Active,Infrastructure,Production,1637.3701790177574,2026-03-31 08:00:00
AST-20FF86F5,CSE-POWER-01,Core Application,Medium,Core Application 353,Core Ops,Standard,739,Active,Infrastructure,Production,722.6945146210605,2026-03-31 08:00:00
AST-993203F9,CSE-HEALTH-01,Industrial Control System,Critical,Industrial Control System 354,Core Ops,High,12778,Active,Infrastructure,Staging,14819.477283301632,2026-03-31 08:00:00
AST-8C495BF4,CSE-HEALTH-01,SCADA Gateway,Critical,SCADA Gateway 355,Core Ops,High,8696,Active,Infrastructure,Corporate,7421.285476626352,2026-03-31 08:00:00
AST-3FB6B027,CSE-BANK-02,Payment System,Medium,Payment System 356,Core Ops,Standard,538,Active,Infrastructure,Production,513.6170760373019,2026-03-31 08:00:00
AST-AC957EA3,CSE-TELECOM-02,SCADA Gateway,Low,SCADA Gateway 357,Core Ops,Standard,1267,Active,Infrastructure,Production,1429.7549808482718,2026-03-31 08:00:00
AST-C637B686,CSE-TRANSPORT-01,Endpoint Cluster,High,Endpoint Cluster 358,Core Ops,High,8929,Active,Infrastructure,Staging,10605.833696319105,2026-03-31 08:00:00
AST-2E2D7A4A,CSE-BANK-02,DNS Server,Critical,DNS Server 359,Core Ops,High,7765,Active,Infrastructure,Corporate,7621.8945797260985,2026-03-31 08:00:00
AST-3C488449,CSE-FIN-03,Cloud Workload,High,Cloud Workload 360,Core Ops,High,9369,Active,Infrastructure,Corporate,9395.231776449209,2026-03-31 08:00:00
AST-A4E26DB8,CSE-ENERGY-01,Email Server,Medium,Email Server 361,Core Ops,Standard,618,Active,Infrastructure,Staging,635.8409089529479,2026-03-31 08:00:00
AST-662FF06E,CSE-BANK-02,SCADA Gateway,Low,SCADA Gateway 362,Core Ops,Standard,1075,Active,Infrastructure,Staging,1260.9097009024956,2026-03-31 08:00:00
AST-45459178,CSE-ENERGY-01,Backup System,Medium,Backup System 363,Core Ops,Standard,1168,Active,Infrastructure,Corporate,1335.3542127444682,2026-03-31 08:00:00
AST-7EFEA4F9,CSE-BANK-01,Email Server,High,Email Server 364,Core Ops,High,15195,Active,Infrastructure,Staging,13192.913635450355,2026-03-31 08:00:00
AST-3A7B198B,CSE-HEALTH-01,DNS Server,Low,DNS Server 365,Core Ops,Standard,1362,Active,Infrastructure,Corporate,1327.5456591630864,2026-03-31 08:00:00
AST-B512621C,CSE-BANK-01,Email Server,Medium,Email Server 366,Core Ops,Standard,1051,Active,Infrastructure,Corporate,1035.8657800137776,2026-03-31 08:00:00
AST-50CC5FE0,CSE-GOV-01,Network Gateway,High,Network Gateway 367,Core Ops,High,6105,Active,Infrastructure,Production,6810.972704646264,2026-03-31 08:00:00
AST-9322E59E,CSE-FIN-03,Critical Database,High,Critical Database 368,Core Ops,High,19659,Active,Infrastructure,Production,20468.1084716561,2026-03-31 08:00:00
AST-D8D798B2,CSE-TELECOM-02,Network Gateway,High,Network Gateway 369,Core Ops,High,8008,Active,Infrastructure,Corporate,8501.998983971334,2026-03-31 08:00:00
AST-117A2769,CSE-TRANSPORT-01,Email Server,High,Email Server 370,Core Ops,High,7161,Active,Infrastructure,Corporate,8588.043815517394,2026-03-31 08:00:00
AST-149A940B,CSE-ENERGY-01,Identity Server,Low,Identity Server 371,Core Ops,Standard,187,Active,Infrastructure,Corporate,155.207011251557,2026-03-31 08:00:00
AST-057DA44B,CSE-TRANSPORT-01,Core Application,Critical,Core Application 372,Core Ops,High,13345,Active,Infrastructure,Corporate,11866.426438023067,2026-03-31 08:00:00
AST-720FC0DF,CSE-ENERGY-01,Email Server,Low,Email Server 373,Core Ops,Standard,1634,Active,Infrastructure,Corporate,1573.800784666043,2026-03-31 08:00:00
AST-F3641565,CSE-POWER-01,Network Gateway,Critical,Network Gateway 374,Core Ops,High,18715,Active,Infrastructure,Corporate,17575.49906922397,2026-03-31 08:00:00
AST-A6960886,CSE-BANK-02,VPN Gateway,High,VPN Gateway 375,Core Ops,High,8699,Active,Infrastructure,Staging,7034.517895262964,2026-03-31 08:00:00
AST-3B615844,CSE-GOV-01,DNS Server,Critical,DNS Server 376,Core Ops,High,18577,Active,Infrastructure,Corporate,15543.581038166014,2026-03-31 08:00:00
AST-732BFAF2,CSE-HEALTH-01,Identity Server,High,Identity Server 377,Core Ops,High,17602,Active,Infrastructure,Staging,18876.055934114298,2026-03-31 08:00:00
AST-B63DE751,CSE-INFRA-01,Network Gateway,Critical,Network Gateway 378,Core Ops,High,8786,Active,Infrastructure,Staging,10119.097894041382,2026-03-31 08:00:00
AST-177ED40F,CSE-ENERGY-01,SCADA Gateway,Low,SCADA Gateway 379,Core Ops,Standard,1357,Active,Infrastructure,Corporate,1364.7224217151727,2026-03-31 08:00:00
AST-380A44E0,CSE-TRANSPORT-01,API Gateway,Medium,API Gateway 380,Core Ops,Standard,564,Active,Infrastructure,Corporate,572.8415075382756,2026-03-31 08:00:00
AST-74603CAD,CSE-GOV-01,Industrial Control System,Medium,Industrial Control System 381,Core Ops,Standard,1874,Active,Infrastructure,Staging,1690.4180372511516,2026-03-31 08:00:00
AST-27983BB6,CSE-POWER-02,Payment System,High,Payment System 382,Core Ops,High,6913,Active,Infrastructure,Staging,7653.7317207199385,2026-03-31 08:00:00
AST-0E7001D5,CSE-POWER-02,Cloud Workload,High,Cloud Workload 383,Core Ops,High,14408,Active,Infrastructure,Corporate,15859.14256591497,2026-03-31 08:00:00
AST-C28B102A,CSE-BANK-01,Network Gateway,High,Network Gateway 384,Core Ops,High,10520,Active,Infrastructure,Corporate,10891.8428202279,2026-03-31 08:00:00
AST-449F2211,CSE-HEALTH-01,Backup System,Medium,Backup System 385,Core Ops,Standard,1387,Active,Infrastructure,Staging,1227.586146156493,2026-03-31 08:00:00
AST-1A59B0BA,CSE-INFRA-01,Payment System,High,Payment System 386,Core Ops,High,6772,Active,Infrastructure,Staging,5680.402949560628,2026-03-31 08:00:00
AST-45D47CED,CSE-POWER-01,DNS Server,Critical,DNS Server 387,Core Ops,High,15152,Active,Infrastructure,Staging,22.0,2025-12-04 00:00:00
AST-2F77EFE6,CSE-TRANSPORT-01,VPN Gateway,Medium,VPN Gateway 388,Core Ops,Standard,984,Active,Infrastructure,Production,1020.4851718306367,2026-03-31 08:00:00
AST-D6716A09,CSE-INFRA-01,Domain Controller,Critical,Domain Controller 389,Core Ops,High,18891,Active,Infrastructure,Staging,21347.096885570656,2026-03-31 08:00:00
AST-66EA0D6A,CSE-BANK-02,Network Gateway,High,Network Gateway 390,Core Ops,High,17996,Active,Infrastructure,Production,47.0,2025-12-30 00:00:00
AST-68C8B91B,CSE-BANK-02,API Gateway,High,API Gateway 391,Core Ops,High,12423,Active,Infrastructure,Corporate,33.0,2025-12-18 00:00:00
AST-DDE03291,CSE-TRANSPORT-01,Payment System,Low,Payment System 392,Core Ops,Standard,479,Active,Infrastructure,Corporate,533.466380947167,2026-03-31 08:00:00
AST-BD59D827,CSE-TELECOM-02,Cloud Workload,Medium,Cloud Workload 393,Core Ops,Standard,1866,Active,Infrastructure,Staging,2199.5513785489397,2026-03-31 08:00:00
AST-63C174D5,CSE-POWER-01,Email Server,Critical,Email Server 394,Core Ops,High,18234,Active,Infrastructure,Corporate,16594.180732442972,2026-03-31 08:00:00
AST-A3E8178A,CSE-GOV-01,Network Gateway,High,Network Gateway 395,Core Ops,High,5660,Active,Infrastructure,Corporate,5428.9822242060345,2026-03-31 08:00:00
AST-973C1D70,CSE-ENERGY-01,Critical Database,Low,Critical Database 396,Core Ops,Standard,1391,Active,Infrastructure,Corporate,1631.0749114807932,2026-03-31 08:00:00
AST-140414E4,CSE-TELECOM-02,VPN Gateway,Medium,VPN Gateway 397,Core Ops,Standard,1044,Active,Infrastructure,Corporate,976.4452519516982,2026-03-31 08:00:00
AST-ED53E5C4,CSE-ENERGY-01,DNS Server,Critical,DNS Server 398,Core Ops,High,15521,Active,Infrastructure,Production,18090.50956083384,2026-03-31 08:00:00
AST-A941132B,CSE-ENERGY-01,Industrial Control System,Low,Industrial Control System 399,Core Ops,Standard,1187,Active,Infrastructure,Production,1415.4001005984203,2026-03-31 08:00:00
AST-0C17B727,CSE-TELECOM-02,API Gateway,High,API Gateway 400,Core Ops,High,15642,Active,Infrastructure,Staging,16654.41736654446,2026-03-31 08:00:00
AST-82B00010,CSE-BANK-01,Endpoint Cluster,Medium,Endpoint Cluster 401,Core Ops,Standard,1473,Active,Infrastructure,Staging,1659.7117585758558,2026-03-31 08:00:00
AST-FCB3C91D,CSE-POWER-02,Endpoint Cluster,Medium,Endpoint Cluster 402,Core Ops,Standard,1024,Active,Infrastructure,Staging,1126.2138631049565,2026-03-31 08:00:00
AST-615CD072,CSE-ENERGY-01,Backup System,High,Backup System 403,Core Ops,High,19534,Active,Infrastructure,Corporate,21093.080875304655,2026-03-31 08:00:00
AST-39C11253,CSE-TELECOM-02,Payment System,Low,Payment System 404,Core Ops,Standard,1646,Active,Infrastructure,Corporate,1518.8834184508435,2026-03-31 08:00:00
AST-AD8786DD,CSE-TELECOM-02,API Gateway,Medium,API Gateway 405,Core Ops,Standard,1221,Active,Infrastructure,Production,1004.6848746342397,2026-03-31 08:00:00
AST-8692D46E,CSE-FIN-03,Identity Server,Medium,Identity Server 406,Core Ops,Standard,1194,Active,Infrastructure,Production,1119.041507451385,2026-03-31 08:00:00
AST-425E1EA4,CSE-INFRA-01,Cloud Workload,High,Cloud Workload 407,Core Ops,High,11297,Active,Infrastructure,Staging,12051.350329939412,2026-03-31 08:00:00
AST-1F082C78,CSE-TELECOM-01,Industrial Control System,High,Industrial Control System 408,Core Ops,High,17839,Active,Infrastructure,Production,15002.8073468743,2026-03-31 08:00:00
AST-7CDC4E5E,CSE-BANK-01,Email Server,Critical,Email Server 409,Core Ops,High,12812,Active,Infrastructure,Production,10310.677279166895,2026-03-31 08:00:00
AST-C7241315,CSE-HEALTH-01,Network Gateway,Medium,Network Gateway 410,Core Ops,Standard,862,Active,Infrastructure,Production,737.7659300734933,2026-03-31 08:00:00
AST-67FB6019,CSE-TELECOM-01,Network Gateway,High,Network Gateway 411,Core Ops,High,9557,Active,Infrastructure,Production,10381.715299483187,2026-03-31 08:00:00
AST-BC0AF3E2,CSE-INFRA-01,Endpoint Cluster,Medium,Endpoint Cluster 412,Core Ops,Standard,149,Active,Infrastructure,Production,177.17850461872405,2026-03-31 08:00:00
AST-2F801608,CSE-INFRA-01,Network Gateway,Medium,Network Gateway 413,Core Ops,Standard,1481,Active,Infrastructure,Staging,1767.1675280518195,2026-03-31 08:00:00
AST-ECFA0012,CSE-INFRA-01,DNS Server,High,DNS Server 414,Core Ops,High,14065,Active,Infrastructure,Staging,14031.126693062697,2026-03-31 08:00:00
AST-0F3F1C0B,CSE-TELECOM-01,Industrial Control System,Medium,Industrial Control System 415,Core Ops,Standard,1005,Active,Infrastructure,Production,1153.4796249989236,2026-03-31 08:00:00
AST-D87EC214,CSE-TRANSPORT-01,Critical Database,High,Critical Database 416,Core Ops,High,6422,Active,Infrastructure,Staging,7030.359799534464,2026-03-31 08:00:00
AST-3DB4BC3F,CSE-POWER-02,Domain Controller,Low,Domain Controller 417,Core Ops,Standard,663,Active,Infrastructure,Corporate,663.2758708483169,2026-03-31 08:00:00
AST-64DF96BC,CSE-TELECOM-02,Backup System,Critical,Backup System 418,Core Ops,High,8180,Active,Infrastructure,Production,8418.072463829043,2026-03-31 08:00:00
AST-4420CF9E,CSE-POWER-02,Core Application,High,Core Application 419,Core Ops,High,9316,Active,Infrastructure,Corporate,7964.163239153109,2026-03-31 08:00:00
AST-56A2B616,CSE-POWER-01,SCADA Gateway,Critical,SCADA Gateway 420,Core Ops,High,17167,Active,Infrastructure,Staging,20172.333717762012,2026-03-31 08:00:00
AST-2EE24FE6,CSE-TRANSPORT-01,Backup System,Critical,Backup System 421,Core Ops,High,11696,Active,Infrastructure,Staging,11003.268239391546,2026-03-31 08:00:00
AST-C277848B,CSE-HEALTH-01,Payment System,Medium,Payment System 422,Core Ops,Standard,1761,Active,Infrastructure,Corporate,1723.0675362484303,2026-03-31 08:00:00
AST-2D63B98D,CSE-POWER-02,Critical Database,Medium,Critical Database 423,Core Ops,Standard,1931,Active,Infrastructure,Staging,2063.590362422777,2026-03-31 08:00:00
AST-65F1E774,CSE-BANK-02,Backup System,Medium,Backup System 424,Core Ops,Standard,683,Active,Infrastructure,Production,637.6221552210545,2026-03-31 08:00:00
AST-310B7826,CSE-INFRA-01,Email Server,High,Email Server 425,Core Ops,High,5614,Active,Infrastructure,Corporate,5062.164371916742,2026-03-31 08:00:00
AST-E6CECDD1,CSE-ENERGY-01,Endpoint Cluster,High,Endpoint Cluster 426,Core Ops,High,18869,Active,Infrastructure,Production,19858.108400646317,2026-03-31 08:00:00
AST-1CDCF85E,CSE-POWER-01,VPN Gateway,High,VPN Gateway 427,Core Ops,High,16163,Active,Infrastructure,Corporate,13091.927088768614,2026-03-31 08:00:00
AST-5BA773B7,CSE-BANK-01,Payment System,Medium,Payment System 428,Core Ops,Standard,459,Active,Infrastructure,Staging,499.5251305680983,2026-03-31 08:00:00
AST-2A9BA954,CSE-HEALTH-01,Network Gateway,Low,Network Gateway 429,Core Ops,Standard,209,Active,Infrastructure,Corporate,210.17235372167622,2026-03-31 08:00:00
AST-67FBEA3E,CSE-POWER-01,API Gateway,Critical,API Gateway 430,Core Ops,High,9570,Active,Infrastructure,Corporate,9974.825280434137,2026-03-31 08:00:00
AST-F757BA63,CSE-INFRA-01,Email Server,High,Email Server 431,Core Ops,High,19201,Active,Infrastructure,Production,20213.892375079773,2026-03-31 08:00:00
AST-5F243B40,CSE-ENERGY-01,Payment System,Medium,Payment System 432,Core Ops,Standard,1216,Active,Infrastructure,Staging,1229.157196117983,2026-03-31 08:00:00
AST-BD4C2FFE,CSE-TRANSPORT-01,VPN Gateway,Low,VPN Gateway 433,Core Ops,Standard,961,Active,Infrastructure,Production,992.7259840482188,2026-03-31 08:00:00
AST-CF68DF37,CSE-ENERGY-01,Cloud Workload,Medium,Cloud Workload 434,Core Ops,Standard,667,Active,Infrastructure,Staging,716.0346919974185,2026-03-31 08:00:00
AST-9D1D6C70,CSE-TELECOM-01,Network Gateway,Low,Network Gateway 435,Core Ops,Standard,1183,Active,Infrastructure,Production,1302.775838485422,2026-03-31 08:00:00
AST-C88E608A,CSE-ENERGY-01,Backup System,High,Backup System 436,Core Ops,High,14582,Active,Infrastructure,Corporate,15908.684307893684,2026-03-31 08:00:00
AST-9454F58C,CSE-TELECOM-01,Backup System,High,Backup System 437,Core Ops,High,16546,Active,Infrastructure,Production,18992.2695638552,2026-03-31 08:00:00
AST-67D4EDF5,CSE-TRANSPORT-01,Payment System,Low,Payment System 438,Core Ops,Standard,1663,Active,Infrastructure,Staging,1456.4177717429563,2026-03-31 08:00:00
AST-F129B255,CSE-GOV-01,API Gateway,Medium,API Gateway 439,Core Ops,Standard,1172,Active,Infrastructure,Staging,1125.6581680977547,2026-03-31 08:00:00
AST-F2ED4273,CSE-INFRA-01,Cloud Workload,Critical,Cloud Workload 440,Core Ops,High,19524,Active,Infrastructure,Corporate,23021.108157146504,2026-03-31 08:00:00
AST-2CFA4255,CSE-TELECOM-01,Network Gateway,Medium,Network Gateway 441,Core Ops,Standard,736,Active,Infrastructure,Staging,705.5562650993355,2026-03-31 08:00:00
AST-A8098618,CSE-BANK-01,VPN Gateway,Low,VPN Gateway 442,Core Ops,Standard,1136,Active,Infrastructure,Production,965.5409629460513,2026-03-31 08:00:00
AST-0FBE96BF,CSE-ENERGY-01,Domain Controller,Medium,Domain Controller 443,Core Ops,Standard,135,Active,Infrastructure,Corporate,136.3740368235577,2026-03-31 08:00:00
AST-DCA78EC9,CSE-ENERGY-01,Backup System,Medium,Backup System 444,Core Ops,Standard,200,Active,Infrastructure,Staging,168.75927780435697,2026-03-31 08:00:00
AST-F4FD8A37,CSE-BANK-01,VPN Gateway,Critical,VPN Gateway 445,Core Ops,High,17265,Active,Infrastructure,Staging,15212.904466654638,2026-03-31 08:00:00
AST-577D4A16,CSE-BANK-02,Critical Database,Medium,Critical Database 446,Core Ops,Standard,1209,Active,Infrastructure,Production,1449.9869506777147,2026-03-31 08:00:00
AST-1BEABA62,CSE-TELECOM-02,Backup System,Medium,Backup System 447,Core Ops,Standard,1639,Active,Infrastructure,Production,1666.117345732504,2026-03-31 08:00:00
AST-28ECA9BD,CSE-GOV-01,VPN Gateway,Low,VPN Gateway 448,Core Ops,Standard,1346,Active,Infrastructure,Corporate,1229.737036659367,2026-03-31 08:00:00
AST-136D1DF7,CSE-HEALTH-01,Identity Server,Low,Identity Server 449,Core Ops,Standard,1461,Active,Infrastructure,Staging,1750.1464834529907,2026-03-31 08:00:00
AST-8E4A5603,CSE-TELECOM-01,Endpoint Cluster,Low,Endpoint Cluster 450,Core Ops,Standard,265,Active,Infrastructure,Production,314.4552453668452,2026-03-31 08:00:00
AST-7C107493,CSE-BANK-01,SCADA Gateway,High,SCADA Gateway 451,Core Ops,High,11614,Active,Infrastructure,Corporate,11338.697289261056,2026-03-31 08:00:00
AST-3634CFC2,CSE-TRANSPORT-01,Industrial Control System,Medium,Industrial Control System 452,Core Ops,Standard,1979,Active,Infrastructure,Staging,1789.3351009165083,2026-03-31 08:00:00
AST-4D28D12D,CSE-TELECOM-01,Endpoint Cluster,Medium,Endpoint Cluster 453,Core Ops,Standard,1499,Active,Infrastructure,Staging,1701.904423000077,2026-03-31 08:00:00
AST-4854F980,CSE-TELECOM-02,DNS Server,Medium,DNS Server 454,Core Ops,Standard,1594,Active,Infrastructure,Corporate,1731.4797691412105,2026-03-31 08:00:00
AST-1AF8B25A,CSE-TRANSPORT-01,SCADA Gateway,Medium,SCADA Gateway 455,Core Ops,Standard,889,Active,Infrastructure,Corporate,955.4763742872483,2026-03-31 08:00:00
AST-8A6C2EC5,CSE-POWER-01,Email Server,Low,Email Server 456,Core Ops,Standard,1765,Active,Infrastructure,Production,2042.5383013736657,2026-03-31 08:00:00
AST-0AE736CB,CSE-INFRA-01,VPN Gateway,Critical,VPN Gateway 457,Core Ops,High,5580,Active,Infrastructure,Staging,6002.779042800797,2026-03-31 08:00:00
AST-EE40F0D4,CSE-ENERGY-01,SCADA Gateway,Medium,SCADA Gateway 458,Core Ops,Standard,1498,Active,Infrastructure,Staging,1368.4517274704963,2026-03-31 08:00:00
AST-ED136071,CSE-POWER-01,DNS Server,High,DNS Server 459,Core Ops,High,13445,Active,Infrastructure,Staging,14487.59608456769,2026-03-31 08:00:00
AST-C898A9D9,CSE-TELECOM-01,Network Gateway,Critical,Network Gateway 460,Core Ops,High,9276,Active,Infrastructure,Corporate,8555.490452266906,2026-03-31 08:00:00
AST-3A943B3F,CSE-TELECOM-02,Domain Controller,Medium,Domain Controller 461,Core Ops,Standard,195,Active,Infrastructure,Production,215.2206404132456,2026-03-31 08:00:00
AST-55098714,CSE-GOV-01,Identity Server,Medium,Identity Server 462,Core Ops,Standard,1313,Active,Infrastructure,Staging,1375.8915731789705,2026-03-31 08:00:00
AST-06DA8E59,CSE-INFRA-01,Critical Database,High,Critical Database 463,Core Ops,High,5824,Active,Infrastructure,Corporate,4839.537951503676,2026-03-31 08:00:00
AST-57A4E419,CSE-TELECOM-01,VPN Gateway,High,VPN Gateway 464,Core Ops,High,8832,Active,Infrastructure,Staging,40.0,2025-12-23 00:00:00
AST-9373A60E,CSE-BANK-01,Critical Database,Medium,Critical Database 465,Core Ops,Standard,585,Active,Infrastructure,Production,548.3324267918034,2026-03-31 08:00:00
AST-F8D47FEA,CSE-POWER-02,API Gateway,High,API Gateway 466,Core Ops,High,19901,Active,Infrastructure,Staging,18536.353664802155,2026-03-31 08:00:00
AST-3BF47C37,CSE-TELECOM-01,Backup System,High,Backup System 467,Core Ops,High,10445,Active,Infrastructure,Production,10872.22683133218,2026-03-31 08:00:00
AST-E265FDDB,CSE-INFRA-01,VPN Gateway,High,VPN Gateway 468,Core Ops,High,6380,Active,Infrastructure,Production,5926.572952045973,2026-03-31 08:00:00
AST-66ED1544,CSE-ENERGY-01,Industrial Control System,High,Industrial Control System 469,Core Ops,High,17088,Active,Infrastructure,Staging,18980.624147729948,2026-03-31 08:00:00
AST-263DA399,CSE-ENERGY-01,VPN Gateway,High,VPN Gateway 470,Core Ops,High,14865,Active,Infrastructure,Staging,12312.925878522445,2026-03-31 08:00:00
AST-1CEDCD8C,CSE-TELECOM-01,Payment System,Critical,Payment System 471,Core Ops,High,15919,Active,Infrastructure,Production,16940.288235955657,2026-03-31 08:00:00
AST-F0738A38,CSE-TRANSPORT-01,Domain Controller,Critical,Domain Controller 472,Core Ops,High,11534,Active,Infrastructure,Corporate,12960.50114615074,2026-03-31 08:00:00
AST-01AFF7D5,CSE-POWER-02,Payment System,Low,Payment System 473,Core Ops,Standard,1569,Active,Infrastructure,Production,1677.469168594062,2026-03-31 08:00:00
AST-CC3CAC4B,CSE-BANK-01,VPN Gateway,Medium,VPN Gateway 474,Core Ops,Standard,1466,Active,Infrastructure,Staging,1464.3751999597255,2026-03-31 08:00:00
AST-E1E15F1A,CSE-TELECOM-01,Identity Server,Medium,Identity Server 475,Core Ops,Standard,1268,Active,Infrastructure,Staging,1496.395717366991,2026-03-31 08:00:00
AST-4AAC36A8,CSE-TRANSPORT-01,SCADA Gateway,High,SCADA Gateway 476,Core Ops,High,16580,Active,Infrastructure,Corporate,15253.192064340757,2026-03-31 08:00:00
AST-53A529A5,CSE-ENERGY-01,Critical Database,High,Critical Database 477,Core Ops,High,9307,Active,Infrastructure,Production,7516.958211677988,2026-03-31 08:00:00
AST-A79FA779,CSE-ENERGY-01,Identity Server,Medium,Identity Server 478,Core Ops,Standard,834,Active,Infrastructure,Production,811.3116543202038,2026-03-31 08:00:00
AST-DCEA7EC7,CSE-TELECOM-02,VPN Gateway,High,VPN Gateway 479,Core Ops,High,13575,Active,Infrastructure,Production,11039.254811938777,2026-03-31 08:00:00
AST-95D76607,CSE-TELECOM-01,DNS Server,Critical,DNS Server 480,Core Ops,High,10810,Active,Infrastructure,Staging,12772.82251792419,2026-03-31 08:00:00
AST-A90A39FF,CSE-POWER-02,SCADA Gateway,Medium,SCADA Gateway 481,Core Ops,Standard,924,Active,Infrastructure,Production,816.7857097084799,2026-03-31 08:00:00
AST-9A6BF52D,CSE-BANK-02,DNS Server,Medium,DNS Server 482,Core Ops,Standard,1562,Active,Infrastructure,Corporate,1742.5216045632599,2026-03-31 08:00:00
AST-0AD1A108,CSE-POWER-02,Critical Database,High,Critical Database 483,Core Ops,High,15179,Active,Infrastructure,Staging,16846.09186020147,2026-03-31 08:00:00
AST-CF11801E,CSE-ENERGY-01,SCADA Gateway,Critical,SCADA Gateway 484,Core Ops,High,17251,Active,Infrastructure,Staging,15303.216499372114,2026-03-31 08:00:00
AST-2474519E,CSE-ENERGY-01,Industrial Control System,Medium,Industrial Control System 485,Core Ops,Standard,283,Active,Infrastructure,Production,296.72284325035497,2026-03-31 08:00:00
AST-D79E57D9,CSE-POWER-01,Domain Controller,High,Domain Controller 486,Core Ops,High,8109,Active,Infrastructure,Corporate,6643.14894218265,2026-03-31 08:00:00
AST-413340CF,CSE-ENERGY-01,Endpoint Cluster,Medium,Endpoint Cluster 487,Core Ops,Standard,876,Active,Infrastructure,Staging,870.2445348306352,2026-03-31 08:00:00
AST-D810C0B0,CSE-BANK-01,Cloud Workload,Medium,Cloud Workload 488,Core Ops,Standard,889,Active,Infrastructure,Staging,716.4085184580964,2026-03-31 08:00:00
AST-22FC90FC,CSE-HEALTH-01,Email Server,Low,Email Server 489,Core Ops,Standard,1212,Active,Infrastructure,Production,1416.1705531116722,2026-03-31 08:00:00
AST-96616A2C,CSE-TELECOM-01,Identity Server,High,Identity Server 490,Core Ops,High,15990,Active,Infrastructure,Production,19035.046210780456,2026-03-31 08:00:00
AST-8F8B9FB5,CSE-POWER-02,Backup System,Low,Backup System 491,Core Ops,Standard,629,Active,Infrastructure,Corporate,559.1263440862681,2026-03-31 08:00:00
AST-24EAB9E2,CSE-HEALTH-01,Identity Server,Medium,Identity Server 492,Core Ops,Standard,1494,Active,Infrastructure,Production,1319.5641662747926,2026-03-31 08:00:00
AST-A8336D15,CSE-TRANSPORT-01,Cloud Workload,Critical,Cloud Workload 493,Core Ops,High,11028,Active,Infrastructure,Corporate,44.0,2025-12-15 00:00:00
AST-4B9F4F95,CSE-BANK-02,Endpoint Cluster,High,Endpoint Cluster 494,Core Ops,High,16606,Active,Infrastructure,Staging,14967.847318783972,2026-03-31 08:00:00
AST-D129AB28,CSE-BANK-01,Core Application,Medium,Core Application 495,Core Ops,Standard,1522,Active,Infrastructure,Corporate,1762.522609217731,2026-03-31 08:00:00
AST-9104197E,CSE-INFRA-01,Network Gateway,High,Network Gateway 496,Core Ops,High,13497,Active,Infrastructure,Corporate,13896.128620100755,2026-03-31 08:00:00
AST-7A6B5EBB,CSE-FIN-03,Industrial Control System,Critical,Industrial Control System 497,Core Ops,High,16805,Active,Infrastructure,Corporate,15801.927181875319,2026-03-31 08:00:00
AST-89EB39DE,CSE-POWER-02,DNS Server,High,DNS Server 498,Core Ops,High,7749,Active,Infrastructure,Staging,8780.217536184662,2026-03-31 08:00:00
AST-F96C25FA,CSE-HEALTH-01,VPN Gateway,Low,VPN Gateway 499,Core Ops,Standard,1626,Active,Infrastructure,Production,1621.7117179488723,2026-03-31 08:00:00
AST-46E19E0D,CSE-INFRA-01,Industrial Control System,Medium,Industrial Control System 500,Core Ops,Standard,778,Active,Infrastructure,Staging,906.1001627460777,2026-03-31 08:00:00
AST-E612AB1E,CSE-BANK-02,Cloud Workload,Medium,Cloud Workload 501,Core Ops,Standard,1648,Active,Infrastructure,Production,1930.146984852008,2026-03-31 08:00:00
AST-9A20F476,CSE-POWER-01,VPN Gateway,High,VPN Gateway 502,Core Ops,High,18722,Active,Infrastructure,Corporate,16216.398435259232,2026-03-31 08:00:00
AST-5A89539E,CSE-INFRA-01,Backup System,High,Backup System 503,Core Ops,High,5205,Active,Infrastructure,Corporate,4168.837331566679,2026-03-31 08:00:00
AST-57FAEA32,CSE-BANK-01,Payment System,Medium,Payment System 504,Core Ops,Standard,492,Active,Infrastructure,Corporate,587.2376090200247,2026-03-31 08:00:00
AST-F980BE71,CSE-BANK-01,SCADA Gateway,Critical,SCADA Gateway 505,Core Ops,High,9591,Active,Infrastructure,Corporate,11149.106043599462,2026-03-31 08:00:00
AST-1BBF0F61,CSE-POWER-01,Network Gateway,High,Network Gateway 506,Core Ops,High,8450,Active,Infrastructure,Corporate,6947.404896678985,2026-03-31 08:00:00
AST-D98B5C4C,CSE-FIN-03,Domain Controller,Medium,Domain Controller 507,Core Ops,Standard,1341,Active,Infrastructure,Production,1519.6395791779898,2026-03-31 08:00:00
AST-C83FCDAF,CSE-TELECOM-01,Domain Controller,Low,Domain Controller 508,Core Ops,Standard,1854,Active,Infrastructure,Production,1822.7081379859076,2026-03-31 08:00:00
AST-1421A2FA,CSE-INFRA-01,Cloud Workload,Medium,Cloud Workload 509,Core Ops,Standard,1080,Active,Infrastructure,Corporate,975.8714133707894,2026-03-31 08:00:00
AST-3B745CCD,CSE-POWER-01,Industrial Control System,Medium,Industrial Control System 510,Core Ops,Standard,1205,Active,Infrastructure,Staging,1387.5558244122803,2026-03-31 08:00:00
AST-689F2EE6,CSE-BANK-01,Domain Controller,Low,Domain Controller 511,Core Ops,Standard,944,Active,Infrastructure,Staging,829.4615469505801,2026-03-31 08:00:00
AST-73111443,CSE-BANK-01,Backup System,High,Backup System 512,Core Ops,High,15743,Active,Infrastructure,Corporate,33.0,2025-12-17 00:00:00
AST-047B0582,CSE-HEALTH-01,DNS Server,Medium,DNS Server 513,Core Ops,Standard,300,Active,Infrastructure,Production,264.6745785239209,2026-03-31 08:00:00
AST-10BBDFB4,CSE-ENERGY-01,Core Application,Low,Core Application 514,Core Ops,Standard,546,Active,Infrastructure,Staging,570.8284081999576,2026-03-31 08:00:00
AST-64C724EC,CSE-FIN-03,Identity Server,High,Identity Server 515,Core Ops,High,13501,Active,Infrastructure,Staging,12005.555440990276,2026-03-31 08:00:00
AST-81D1946A,CSE-INFRA-01,API Gateway,Medium,API Gateway 516,Core Ops,Standard,1551,Active,Infrastructure,Staging,1579.3328397465411,2026-03-31 08:00:00
AST-9DAA5F04,CSE-INFRA-01,Backup System,Medium,Backup System 517,Core Ops,Standard,1161,Active,Infrastructure,Corporate,1246.4380503325917,2026-03-31 08:00:00
AST-67AB4ED4,CSE-BANK-02,VPN Gateway,Medium,VPN Gateway 518,Core Ops,Standard,1334,Active,Infrastructure,Staging,1168.7056238856255,2026-03-31 08:00:00
AST-6BB90C27,CSE-POWER-01,Email Server,Medium,Email Server 519,Core Ops,Standard,543,Active,Infrastructure,Staging,547.5363920025875,2026-03-31 08:00:00
AST-4E68F9F0,CSE-BANK-02,Cloud Workload,Low,Cloud Workload 520,Core Ops,Standard,1450,Active,Infrastructure,Staging,1432.054651746269,2026-03-31 08:00:00
AST-0A060567,CSE-POWER-01,Payment System,Medium,Payment System 521,Core Ops,Standard,860,Active,Infrastructure,Staging,712.4368729627495,2026-03-31 08:00:00
AST-32054319,CSE-TRANSPORT-01,SCADA Gateway,High,SCADA Gateway 522,Core Ops,High,8273,Active,Infrastructure,Production,9326.344230251112,2026-03-31 08:00:00
AST-C8011970,CSE-BANK-01,Email Server,Low,Email Server 523,Core Ops,Standard,147,Active,Infrastructure,Corporate,137.33812515779908,2026-03-31 08:00:00
AST-0885D513,CSE-ENERGY-01,SCADA Gateway,High,SCADA Gateway 524,Core Ops,High,9538,Active,Infrastructure,Corporate,38.0,2025-12-21 00:00:00
AST-81C1E06B,CSE-HEALTH-01,Critical Database,Critical,Critical Database 525,Core Ops,High,19497,Active,Infrastructure,Production,19612.299291396528,2026-03-31 08:00:00
AST-31D1895B,CSE-ENERGY-01,Email Server,Critical,Email Server 526,Core Ops,High,17541,Active,Infrastructure,Production,27.0,2025-12-07 00:00:00
AST-41975623,CSE-ENERGY-01,API Gateway,Critical,API Gateway 527,Core Ops,High,13712,Active,Infrastructure,Corporate,11557.693387754713,2026-03-31 08:00:00
AST-EDD5916B,CSE-ENERGY-01,Industrial Control System,Critical,Industrial Control System 528,Core Ops,High,14168,Active,Infrastructure,Staging,13734.35724281782,2026-03-31 08:00:00
AST-C266686D,CSE-BANK-02,Core Application,Low,Core Application 529,Core Ops,Standard,286,Active,Infrastructure,Staging,280.5507572532316,2026-03-31 08:00:00
AST-16895BA6,CSE-POWER-01,Identity Server,Medium,Identity Server 530,Core Ops,Standard,444,Active,Infrastructure,Corporate,485.49496844872607,2026-03-31 08:00:00
AST-2167FBBC,CSE-GOV-01,Identity Server,Medium,Identity Server 531,Core Ops,Standard,323,Active,Infrastructure,Staging,366.9304330841543,2026-03-31 08:00:00
AST-C19163F8,CSE-TRANSPORT-01,Core Application,High,Core Application 532,Core Ops,High,15965,Active,Infrastructure,Production,16252.256827946716,2026-03-31 08:00:00
AST-ABDF5D84,CSE-POWER-02,DNS Server,Low,DNS Server 533,Core Ops,Standard,587,Active,Infrastructure,Staging,489.97663761445983,2026-03-31 08:00:00
AST-643AA79E,CSE-ENERGY-01,Network Gateway,Low,Network Gateway 534,Core Ops,Standard,976,Active,Infrastructure,Staging,873.2660333208917,2026-03-31 08:00:00
AST-7961E58A,CSE-TELECOM-01,Critical Database,Medium,Critical Database 535,Core Ops,Standard,948,Active,Infrastructure,Staging,820.9429829825557,2026-03-31 08:00:00
AST-0A84895A,CSE-BANK-02,SCADA Gateway,High,SCADA Gateway 536,Core Ops,High,10679,Active,Infrastructure,Corporate,9075.505703918665,2026-03-31 08:00:00
AST-DEF6E761,CSE-FIN-03,API Gateway,High,API Gateway 537,Core Ops,High,11579,Active,Infrastructure,Production,10957.899191478238,2026-03-31 08:00:00
AST-BDE92511,CSE-HEALTH-01,Domain Controller,High,Domain Controller 538,Core Ops,High,18422,Active,Infrastructure,Staging,16427.95483867521,2026-03-31 08:00:00
AST-681B108F,CSE-POWER-02,Email Server,High,Email Server 539,Core Ops,High,5152,Active,Infrastructure,Corporate,4571.479052821164,2026-03-31 08:00:00
AST-8A2FC5A8,CSE-GOV-01,Critical Database,Critical,Critical Database 540,Core Ops,High,10754,Active,Infrastructure,Staging,8838.468159757274,2026-03-31 08:00:00
AST-164EF3FB,CSE-TELECOM-01,Backup System,Low,Backup System 541,Core Ops,Standard,287,Active,Infrastructure,Production,231.62852114251584,2026-03-31 08:00:00
AST-076E34D3,CSE-GOV-01,Cloud Workload,Critical,Cloud Workload 542,Core Ops,High,16108,Active,Infrastructure,Staging,13548.556341041074,2026-03-31 08:00:00
AST-8091F6B4,CSE-POWER-02,Email Server,High,Email Server 543,Core Ops,High,7800,Active,Infrastructure,Production,6777.256135801736,2026-03-31 08:00:00
AST-91526674,CSE-ENERGY-01,API Gateway,High,API Gateway 544,Core Ops,High,19144,Active,Infrastructure,Staging,18615.501002028,2026-03-31 08:00:00
AST-A2F20D64,CSE-TELECOM-01,Payment System,High,Payment System 545,Core Ops,High,10310,Active,Infrastructure,Production,10353.385557596435,2026-03-31 08:00:00
AST-213F5D5A,CSE-GOV-01,Payment System,High,Payment System 546,Core Ops,High,14944,Active,Infrastructure,Staging,12795.60225007311,2026-03-31 08:00:00
AST-6CA6B1EA,CSE-HEALTH-01,VPN Gateway,High,VPN Gateway 547,Core Ops,High,7610,Active,Infrastructure,Production,7381.040491599623,2026-03-31 08:00:00
AST-0CA1B7FB,CSE-POWER-01,Critical Database,High,Critical Database 548,Core Ops,High,17067,Active,Infrastructure,Staging,15986.65099679064,2026-03-31 08:00:00
AST-A5DAD51B,CSE-BANK-01,Industrial Control System,Medium,Industrial Control System 549,Core Ops,Standard,1916,Active,Infrastructure,Staging,1673.3758803768337,2026-03-31 08:00:00
AST-106FA05E,CSE-POWER-01,API Gateway,Low,API Gateway 550,Core Ops,Standard,944,Active,Infrastructure,Corporate,757.7830665008221,2026-03-31 08:00:00
AST-C7AF8E7D,CSE-POWER-02,API Gateway,Critical,API Gateway 551,Core Ops,High,18182,Active,Infrastructure,Corporate,17942.127539639325,2026-03-31 08:00:00
AST-62F5F4EE,CSE-BANK-02,Core Application,Critical,Core Application 552,Core Ops,High,18399,Active,Infrastructure,Production,19765.32261389216,2026-03-31 08:00:00
AST-850CACDF,CSE-BANK-01,Backup System,Low,Backup System 553,Core Ops,Standard,585,Active,Infrastructure,Staging,520.9488961896509,2026-03-31 08:00:00
AST-838DC6AB,CSE-TRANSPORT-01,Industrial Control System,High,Industrial Control System 554,Core Ops,High,9199,Active,Infrastructure,Production,7844.196411287821,2026-03-31 08:00:00
AST-21B9020B,CSE-HEALTH-01,Backup System,High,Backup System 555,Core Ops,High,8854,Active,Infrastructure,Corporate,10224.75058373336,2026-03-31 08:00:00
AST-F34148CE,CSE-TRANSPORT-01,DNS Server,Low,DNS Server 556,Core Ops,Standard,219,Active,Infrastructure,Production,199.2921700699311,2026-03-31 08:00:00
AST-7F9684F7,CSE-TELECOM-01,SCADA Gateway,High,SCADA Gateway 557,Core Ops,High,16686,Active,Infrastructure,Production,14841.280069544162,2026-03-31 08:00:00
AST-FB95C1AF,CSE-INFRA-01,SCADA Gateway,Medium,SCADA Gateway 558,Core Ops,Standard,152,Active,Infrastructure,Corporate,173.71149392828286,2026-03-31 08:00:00
AST-6D0C1059,CSE-BANK-01,Domain Controller,Medium,Domain Controller 559,Core Ops,Standard,1857,Active,Infrastructure,Staging,2092.5471532610704,2026-03-31 08:00:00
AST-B038DAF5,CSE-TRANSPORT-01,VPN Gateway,Critical,VPN Gateway 560,Core Ops,High,8072,Active,Infrastructure,Production,7905.221084029937,2026-03-31 08:00:00
AST-DE59B750,CSE-TRANSPORT-01,Identity Server,Critical,Identity Server 561,Core Ops,High,14198,Active,Infrastructure,Corporate,14136.885341820616,2026-03-31 08:00:00
AST-12BA930F,CSE-GOV-01,Payment System,Medium,Payment System 562,Core Ops,Standard,1766,Active,Infrastructure,Staging,1566.6176850947531,2026-03-31 08:00:00
AST-A1153294,CSE-POWER-01,Cloud Workload,High,Cloud Workload 563,Core Ops,High,18689,Active,Infrastructure,Corporate,15536.55196783698,2026-03-31 08:00:00
AST-B02F6004,CSE-GOV-01,SCADA Gateway,High,SCADA Gateway 564,Core Ops,High,5166,Active,Infrastructure,Production,5317.739523914938,2026-03-31 08:00:00
AST-1365C49A,CSE-BANK-01,Industrial Control System,Medium,Industrial Control System 565,Core Ops,Standard,837,Active,Infrastructure,Staging,702.5258797484034,2026-03-31 08:00:00
AST-7A0D2134,CSE-BANK-01,API Gateway,Medium,API Gateway 566,Core Ops,Standard,819,Active,Infrastructure,Staging,802.3823415829985,2026-03-31 08:00:00
AST-7CA74713,CSE-POWER-02,Cloud Workload,High,Cloud Workload 567,Core Ops,High,19648,Active,Infrastructure,Corporate,23109.955582553455,2026-03-31 08:00:00
AST-B03004C1,CSE-GOV-01,Endpoint Cluster,Low,Endpoint Cluster 568,Core Ops,Standard,707,Active,Infrastructure,Corporate,835.0615652574413,2026-03-31 08:00:00
AST-51B29BDF,CSE-TELECOM-02,Backup System,Critical,Backup System 569,Core Ops,High,8489,Active,Infrastructure,Corporate,7603.876712200211,2026-03-31 08:00:00
AST-D817637B,CSE-FIN-03,SCADA Gateway,Low,SCADA Gateway 570,Core Ops,Standard,521,Active,Infrastructure,Staging,546.8652367375144,2026-03-31 08:00:00
AST-34F754E8,CSE-POWER-01,API Gateway,Medium,API Gateway 571,Core Ops,Standard,811,Active,Infrastructure,Staging,802.590340076589,2026-03-31 08:00:00
AST-8DFB8FDC,CSE-BANK-01,SCADA Gateway,Medium,SCADA Gateway 572,Core Ops,Standard,346,Active,Infrastructure,Production,397.9948216579171,2026-03-31 08:00:00
AST-C88E5AC1,CSE-POWER-02,Payment System,Critical,Payment System 573,Core Ops,High,7120,Active,Infrastructure,Staging,6469.0351014582,2026-03-31 08:00:00
AST-012F9C00,CSE-INFRA-01,Endpoint Cluster,Low,Endpoint Cluster 574,Core Ops,Standard,1953,Active,Infrastructure,Production,1565.292320217484,2026-03-31 08:00:00
AST-97AA88FA,CSE-GOV-01,Email Server,High,Email Server 575,Core Ops,High,17869,Active,Infrastructure,Corporate,15457.122475515383,2026-03-31 08:00:00
AST-1CBFC405,CSE-POWER-01,SCADA Gateway,Medium,SCADA Gateway 576,Core Ops,Standard,105,Active,Infrastructure,Corporate,98.67995764911471,2026-03-31 08:00:00
AST-A658E277,CSE-INFRA-01,DNS Server,High,DNS Server 577,Core Ops,High,6363,Active,Infrastructure,Staging,5893.973419491847,2026-03-31 08:00:00
AST-4D4CE1B0,CSE-GOV-01,Industrial Control System,Critical,Industrial Control System 578,Core Ops,High,14523,Active,Infrastructure,Corporate,16215.58546976867,2026-03-31 08:00:00
AST-4768CC6B,CSE-TRANSPORT-01,SCADA Gateway,Critical,SCADA Gateway 579,Core Ops,High,7292,Active,Infrastructure,Corporate,7818.659350993761,2026-03-31 08:00:00
AST-0FC63291,CSE-INFRA-01,Identity Server,Low,Identity Server 580,Core Ops,Standard,1005,Active,Infrastructure,Staging,924.4216404851886,2026-03-31 08:00:00
AST-3D5419F4,CSE-POWER-02,Cloud Workload,Low,Cloud Workload 581,Core Ops,Standard,486,Active,Infrastructure,Production,477.7853980571119,2026-03-31 08:00:00
AST-642B5945,CSE-POWER-01,Cloud Workload,High,Cloud Workload 582,Core Ops,High,12742,Active,Infrastructure,Staging,10680.645641054844,2026-03-31 08:00:00
AST-8BB4D07B,CSE-ENERGY-01,Payment System,High,Payment System 583,Core Ops,High,13752,Active,Infrastructure,Production,15942.123963666409,2026-03-31 08:00:00
AST-7C9633D8,CSE-TELECOM-01,Industrial Control System,Medium,Industrial Control System 584,Core Ops,Standard,1199,Active,Infrastructure,Staging,1407.829745805517,2026-03-31 08:00:00
AST-F70F9C8D,CSE-TELECOM-01,Endpoint Cluster,Critical,Endpoint Cluster 585,Core Ops,High,6903,Active,Infrastructure,Staging,8227.833521893846,2026-03-31 08:00:00
AST-4067F7AB,CSE-POWER-01,DNS Server,High,DNS Server 586,Core Ops,High,5174,Active,Infrastructure,Corporate,5936.75693859437,2026-03-31 08:00:00
AST-F4E255D9,CSE-INFRA-01,Core Application,Medium,Core Application 587,Core Ops,Standard,1922,Active,Infrastructure,Staging,1671.3411304608583,2026-03-31 08:00:00
AST-7B57B384,CSE-GOV-01,Industrial Control System,Medium,Industrial Control System 588,Core Ops,Standard,448,Active,Infrastructure,Staging,366.67840978973186,2026-03-31 08:00:00
AST-18226EB6,CSE-POWER-02,Cloud Workload,Low,Cloud Workload 589,Core Ops,Standard,1378,Active,Infrastructure,Production,1421.873716149866,2026-03-31 08:00:00
AST-23BF5475,CSE-FIN-03,Identity Server,High,Identity Server 590,Core Ops,High,9160,Active,Infrastructure,Corporate,10671.784818499716,2026-03-31 08:00:00
AST-1EFA8C22,CSE-TELECOM-01,Email Server,Critical,Email Server 591,Core Ops,High,17112,Active,Infrastructure,Production,14903.534600288607,2026-03-31 08:00:00
AST-52C87AC6,CSE-POWER-02,Payment System,Medium,Payment System 592,Core Ops,Standard,407,Active,Infrastructure,Production,326.74658650081034,2026-03-31 08:00:00
AST-2628B964,CSE-TELECOM-01,Core Application,Medium,Core Application 593,Core Ops,Standard,1468,Active,Infrastructure,Corporate,1647.387278230134,2026-03-31 08:00:00
AST-5223C352,CSE-TRANSPORT-01,Identity Server,Medium,Identity Server 594,Core Ops,Standard,1250,Active,Infrastructure,Corporate,1038.3978421433671,2026-03-31 08:00:00
AST-290F548F,CSE-GOV-01,Endpoint Cluster,Medium,Endpoint Cluster 595,Core Ops,Standard,386,Active,Infrastructure,Corporate,372.6762113269087,2026-03-31 08:00:00
AST-55E1AA7E,CSE-TRANSPORT-01,Backup System,High,Backup System 596,Core Ops,High,6567,Active,Infrastructure,Staging,7036.9012573275,2026-03-31 08:00:00
AST-51E1C461,CSE-TELECOM-01,Endpoint Cluster,Low,Endpoint Cluster 597,Core Ops,Standard,824,Active,Infrastructure,Corporate,737.248484166357,2026-03-31 08:00:00
AST-AE1423DE,CSE-ENERGY-01,Identity Server,Critical,Identity Server 598,Core Ops,High,12619,Active,Infrastructure,Corporate,10519.009435253698,2026-03-31 08:00:00
AST-ECC17C2A,CSE-ENERGY-01,Backup System,High,Backup System 599,Core Ops,High,11033,Active,Infrastructure,Corporate,12224.657685421262,2026-03-31 08:00:00
AST-3A619931,CSE-TRANSPORT-01,Critical Database,Medium,Critical Database 600,Core Ops,Standard,1610,Active,Infrastructure,Production,1693.8327546672547,2026-03-31 08:00:00
AST-C418E122,CSE-ENERGY-01,Payment System,High,Payment System 601,Core Ops,High,9946,Active,Infrastructure,Production,11889.410543482303,2026-03-31 08:00:00
AST-0677B5A0,CSE-TELECOM-01,Industrial Control System,High,Industrial Control System 602,Core Ops,High,13234,Active,Infrastructure,Staging,12409.829005182537,2026-03-31 08:00:00
AST-2C919B84,CSE-POWER-01,Backup System,Low,Backup System 603,Core Ops,Standard,487,Active,Infrastructure,Production,401.6313128493309,2026-03-31 08:00:00
AST-E43B3F90,CSE-TRANSPORT-01,VPN Gateway,Critical,VPN Gateway 604,Core Ops,High,8490,Active,Infrastructure,Staging,9285.852719998664,2026-03-31 08:00:00
AST-8AA715CF,CSE-FIN-03,Backup System,Medium,Backup System 605,Core Ops,Standard,1680,Active,Infrastructure,Production,1694.6048574693812,2026-03-31 08:00:00
AST-8ACD7180,CSE-FIN-03,API Gateway,High,API Gateway 606,Core Ops,High,9173,Active,Infrastructure,Corporate,8120.687865053015,2026-03-31 08:00:00
AST-16652EA6,CSE-BANK-02,Email Server,Medium,Email Server 607,Core Ops,Standard,1037,Active,Infrastructure,Production,1153.861184639174,2026-03-31 08:00:00
AST-CD773A66,CSE-INFRA-01,API Gateway,High,API Gateway 608,Core Ops,High,15016,Active,Infrastructure,Staging,13236.636950209104,2026-03-31 08:00:00
AST-F1C923B6,CSE-GOV-01,Industrial Control System,Critical,Industrial Control System 609,Core Ops,High,6293,Active,Infrastructure,Production,5690.537517545468,2026-03-31 08:00:00
AST-7107129E,CSE-ENERGY-01,Industrial Control System,Low,Industrial Control System 610,Core Ops,Standard,599,Active,Infrastructure,Corporate,501.36984162626595,2026-03-31 08:00:00
AST-8CAF42AD,CSE-ENERGY-01,Payment System,Medium,Payment System 611,Core Ops,Standard,816,Active,Infrastructure,Staging,783.1746958756709,2026-03-31 08:00:00
AST-013FE985,CSE-INFRA-01,Industrial Control System,Critical,Industrial Control System 612,Core Ops,High,18046,Active,Infrastructure,Corporate,17460.798710069863,2026-03-31 08:00:00
AST-6F689278,CSE-BANK-01,Cloud Workload,Critical,Cloud Workload 613,Core Ops,High,19211,Active,Infrastructure,Corporate,19322.898621752465,2026-03-31 08:00:00
AST-07A4502F,CSE-TELECOM-02,Backup System,Low,Backup System 614,Core Ops,Standard,580,Active,Infrastructure,Staging,628.4797099727164,2026-03-31 08:00:00
AST-2A393195,CSE-TRANSPORT-01,Backup System,Medium,Backup System 615,Core Ops,Standard,1010,Active,Infrastructure,Corporate,1174.064775186892,2026-03-31 08:00:00
AST-907F46AF,CSE-HEALTH-01,Critical Database,Medium,Critical Database 616,Core Ops,Standard,1396,Active,Infrastructure,Corporate,1193.7107208189525,2026-03-31 08:00:00
AST-76A442D4,CSE-ENERGY-01,Core Application,Medium,Core Application 617,Core Ops,Standard,1181,Active,Infrastructure,Production,970.4740416599057,2026-03-31 08:00:00
AST-286503AA,CSE-GOV-01,Industrial Control System,High,Industrial Control System 618,Core Ops,High,9997,Active,Infrastructure,Corporate,8071.70269689702,2026-03-31 08:00:00
AST-F8F5BB9A,CSE-BANK-02,API Gateway,High,API Gateway 619,Core Ops,High,12032,Active,Infrastructure,Corporate,10316.820968369599,2026-03-31 08:00:00
AST-0FD1B77A,CSE-FIN-03,Industrial Control System,Medium,Industrial Control System 620,Core Ops,Standard,208,Active,Infrastructure,Corporate,221.14139721703128,2026-03-31 08:00:00
AST-E6EC5B94,CSE-ENERGY-01,Endpoint Cluster,High,Endpoint Cluster 621,Core Ops,High,13112,Active,Infrastructure,Corporate,14305.071778676023,2026-03-31 08:00:00
AST-FAF8462D,CSE-BANK-02,Critical Database,High,Critical Database 622,Core Ops,High,10287,Active,Infrastructure,Staging,11465.913710025518,2026-03-31 08:00:00
AST-AEDE1166,CSE-TELECOM-01,Cloud Workload,Low,Cloud Workload 623,Core Ops,Standard,427,Active,Infrastructure,Production,383.22536259326176,2026-03-31 08:00:00
AST-B96C2395,CSE-TELECOM-01,Cloud Workload,Medium,Cloud Workload 624,Core Ops,Standard,1899,Active,Infrastructure,Corporate,1751.5577001534505,2026-03-31 08:00:00
AST-A672EE32,CSE-TELECOM-02,SCADA Gateway,Medium,SCADA Gateway 625,Core Ops,Standard,414,Active,Infrastructure,Corporate,411.20709730564676,2026-03-31 08:00:00
AST-02B2DDDA,CSE-POWER-01,Backup System,Medium,Backup System 626,Core Ops,Standard,1597,Active,Infrastructure,Staging,1317.9613622743127,2026-03-31 08:00:00
AST-31584B0C,CSE-HEALTH-01,Cloud Workload,Medium,Cloud Workload 627,Core Ops,Standard,1234,Active,Infrastructure,Corporate,1288.859455857071,2026-03-31 08:00:00
AST-D128BAB9,CSE-BANK-01,Backup System,High,Backup System 628,Core Ops,High,5389,Active,Infrastructure,Staging,6431.739238591463,2026-03-31 08:00:00
AST-DA83C7A1,CSE-TELECOM-02,SCADA Gateway,Critical,SCADA Gateway 629,Core Ops,High,5999,Active,Infrastructure,Production,5664.990824782655,2026-03-31 08:00:00
AST-CAC55C1D,CSE-POWER-02,Identity Server,High,Identity Server 630,Core Ops,High,17812,Active,Infrastructure,Production,19613.487690531092,2026-03-31 08:00:00
AST-58227044,CSE-BANK-01,Email Server,Critical,Email Server 631,Core Ops,High,6855,Active,Infrastructure,Corporate,6855.092996491864,2026-03-31 08:00:00
AST-E21E2D8C,CSE-TRANSPORT-01,Domain Controller,Medium,Domain Controller 632,Core Ops,Standard,255,Active,Infrastructure,Corporate,217.03680812475903,2026-03-31 08:00:00
AST-EA947CA2,CSE-GOV-01,DNS Server,Critical,DNS Server 633,Core Ops,High,18794,Active,Infrastructure,Corporate,19412.228245118324,2026-03-31 08:00:00
AST-07B345BA,CSE-POWER-02,Cloud Workload,Critical,Cloud Workload 634,Core Ops,High,13850,Active,Infrastructure,Staging,39.0,2025-12-18 00:00:00
AST-CB0976BA,CSE-POWER-02,Core Application,Critical,Core Application 635,Core Ops,High,7763,Active,Infrastructure,Corporate,6317.228842889679,2026-03-31 08:00:00
AST-B25109DA,CSE-TELECOM-02,Endpoint Cluster,High,Endpoint Cluster 636,Core Ops,High,8663,Active,Infrastructure,Corporate,9130.558500804005,2026-03-31 08:00:00
AST-5AA155DB,CSE-INFRA-01,Network Gateway,Critical,Network Gateway 637,Core Ops,High,9986,Active,Infrastructure,Production,11419.719376142692,2026-03-31 08:00:00
AST-24CFFB1A,CSE-POWER-01,Identity Server,High,Identity Server 638,Core Ops,High,6481,Active,Infrastructure,Corporate,6078.581143711233,2026-03-31 08:00:00
AST-362ADEDB,CSE-INFRA-01,Cloud Workload,High,Cloud Workload 639,Core Ops,High,12256,Active,Infrastructure,Production,11718.184890655886,2026-03-31 08:00:00
AST-7EE7FFF0,CSE-TELECOM-02,Backup System,High,Backup System 640,Core Ops,High,8731,Active,Infrastructure,Corporate,10096.60412559469,2026-03-31 08:00:00
AST-A25B690D,CSE-TRANSPORT-01,Email Server,Critical,Email Server 641,Core Ops,High,12262,Active,Infrastructure,Production,13800.188507804207,2026-03-31 08:00:00
AST-5B534B5B,CSE-FIN-03,SCADA Gateway,Medium,SCADA Gateway 642,Core Ops,Standard,1409,Active,Infrastructure,Corporate,1530.1474113537818,2026-03-31 08:00:00
AST-C739A569,CSE-ENERGY-01,API Gateway,High,API Gateway 643,Core Ops,High,15667,Active,Infrastructure,Production,14092.761439128228,2026-03-31 08:00:00
AST-E846EF8B,CSE-ENERGY-01,DNS Server,Critical,DNS Server 644,Core Ops,High,16414,Active,Infrastructure,Staging,19107.318469849,2026-03-31 08:00:00
AST-1118D76C,CSE-POWER-01,Network Gateway,Medium,Network Gateway 645,Core Ops,Standard,707,Active,Infrastructure,Production,609.2687762320895,2026-03-31 08:00:00
AST-8B97EBEF,CSE-TRANSPORT-01,Email Server,High,Email Server 646,Core Ops,High,8093,Active,Infrastructure,Production,8503.381525457431,2026-03-31 08:00:00
AST-81673C04,CSE-POWER-01,Email Server,Low,Email Server 647,Core Ops,Standard,1856,Active,Infrastructure,Production,1506.1819964377357,2026-03-31 08:00:00
AST-20175135,CSE-BANK-02,Cloud Workload,Medium,Cloud Workload 648,Core Ops,Standard,337,Active,Infrastructure,Corporate,356.37342989260264,2026-03-31 08:00:00
AST-1B304902,CSE-INFRA-01,Identity Server,Critical,Identity Server 649,Core Ops,High,9068,Active,Infrastructure,Corporate,8259.657993115052,2026-03-31 08:00:00
AST-C9F808AB,CSE-ENERGY-01,VPN Gateway,Medium,VPN Gateway 650,Core Ops,Standard,1461,Active,Infrastructure,Corporate,1431.591225466166,2026-03-31 08:00:00
AST-130C386B,CSE-POWER-02,Network Gateway,High,Network Gateway 651,Core Ops,High,15758,Active,Infrastructure,Staging,14782.671524526017,2026-03-31 08:00:00
AST-D2B1F697,CSE-INFRA-01,DNS Server,Medium,DNS Server 652,Core Ops,Standard,1294,Active,Infrastructure,Staging,1124.6188970330384,2026-03-31 08:00:00
AST-2F97980C,CSE-HEALTH-01,Payment System,Critical,Payment System 653,Core Ops,High,13566,Active,Infrastructure,Production,47.0,2025-12-18 00:00:00
AST-1644ACFE,CSE-GOV-01,Domain Controller,Low,Domain Controller 654,Core Ops,Standard,760,Active,Infrastructure,Staging,876.1205687627446,2026-03-31 08:00:00
AST-9A8EE55C,CSE-TRANSPORT-01,Payment System,High,Payment System 655,Core Ops,High,16889,Active,Infrastructure,Production,19990.389507163003,2026-03-31 08:00:00
AST-14F1BA7D,CSE-BANK-01,VPN Gateway,Medium,VPN Gateway 656,Core Ops,Standard,1690,Active,Infrastructure,Production,1482.0261414920467,2026-03-31 08:00:00
AST-E352CB8C,CSE-POWER-01,Backup System,Medium,Backup System 657,Core Ops,Standard,948,Active,Infrastructure,Production,1030.4277559246796,2026-03-31 08:00:00
AST-DA85FE16,CSE-INFRA-01,Backup System,High,Backup System 658,Core Ops,High,9690,Active,Infrastructure,Staging,10326.979384963626,2026-03-31 08:00:00
AST-C1817E04,CSE-GOV-01,Endpoint Cluster,Critical,Endpoint Cluster 659,Core Ops,High,16442,Active,Infrastructure,Corporate,26.0,2025-12-24 00:00:00
AST-887165B2,CSE-INFRA-01,Network Gateway,Medium,Network Gateway 660,Core Ops,Standard,727,Active,Infrastructure,Staging,587.1540471720635,2026-03-31 08:00:00
AST-55EDAAF4,CSE-BANK-01,Payment System,Low,Payment System 661,Core Ops,Standard,242,Active,Infrastructure,Production,260.37179273988545,2026-03-31 08:00:00
AST-352EDEEE,CSE-GOV-01,Backup System,Critical,Backup System 662,Core Ops,High,9559,Active,Infrastructure,Production,13.0,2025-12-20 00:00:00
AST-5B3C6679,CSE-HEALTH-01,VPN Gateway,Medium,VPN Gateway 663,Core Ops,Standard,1303,Active,Infrastructure,Staging,1371.8610075424376,2026-03-31 08:00:00
AST-399615AE,CSE-BANK-01,Cloud Workload,Low,Cloud Workload 664,Core Ops,Standard,813,Active,Infrastructure,Production,791.9571939058186,2026-03-31 08:00:00
AST-0CAF016D,CSE-TELECOM-02,Critical Database,Low,Critical Database 665,Core Ops,Standard,1487,Active,Infrastructure,Production,1501.9615362175966,2026-03-31 08:00:00
AST-4C030633,CSE-TELECOM-01,SCADA Gateway,High,SCADA Gateway 666,Core Ops,High,10131,Active,Infrastructure,Staging,8913.77578016105,2026-03-31 08:00:00
AST-C8584D02,CSE-TELECOM-02,Critical Database,Medium,Critical Database 667,Core Ops,Standard,664,Active,Infrastructure,Staging,730.5445298929927,2026-03-31 08:00:00
AST-206EB3C3,CSE-ENERGY-01,Industrial Control System,Critical,Industrial Control System 668,Core Ops,High,15570,Active,Infrastructure,Staging,17104.70270130134,2026-03-31 08:00:00
AST-A84A7307,CSE-INFRA-01,DNS Server,Low,DNS Server 669,Core Ops,Standard,483,Active,Infrastructure,Production,414.5139424348505,2026-03-31 08:00:00
AST-0632A146,CSE-TELECOM-01,Payment System,Critical,Payment System 670,Core Ops,High,5139,Active,Infrastructure,Production,5915.972363066299,2026-03-31 08:00:00
AST-DCE150C2,CSE-TELECOM-02,Endpoint Cluster,High,Endpoint Cluster 671,Core Ops,High,6424,Active,Infrastructure,Corporate,5830.909954550606,2026-03-31 08:00:00
AST-8979B91B,CSE-TELECOM-01,Industrial Control System,Medium,Industrial Control System 672,Core Ops,Standard,516,Active,Infrastructure,Corporate,615.5376509773172,2026-03-31 08:00:00
AST-1CE8126C,CSE-FIN-03,Backup System,Critical,Backup System 673,Core Ops,High,8168,Active,Infrastructure,Staging,7785.42072746249,2026-03-31 08:00:00
AST-436D80CD,CSE-INFRA-01,API Gateway,Low,API Gateway 674,Core Ops,Standard,407,Active,Infrastructure,Corporate,354.55952476197655,2026-03-31 08:00:00
AST-1268F488,CSE-TELECOM-01,Core Application,Low,Core Application 675,Core Ops,Standard,748,Active,Infrastructure,Production,703.6346573146192,2026-03-31 08:00:00
AST-B1292354,CSE-POWER-02,API Gateway,Medium,API Gateway 676,Core Ops,Standard,1817,Active,Infrastructure,Corporate,1773.52306289712,2026-03-31 08:00:00
AST-CC400FEF,CSE-POWER-01,VPN Gateway,High,VPN Gateway 677,Core Ops,High,11989,Active,Infrastructure,Production,9923.572356382447,2026-03-31 08:00:00
AST-E3FB8170,CSE-POWER-01,Network Gateway,Medium,Network Gateway 678,Core Ops,Standard,1124,Active,Infrastructure,Staging,1159.166984197991,2026-03-31 08:00:00
AST-47A64A7E,CSE-POWER-02,Email Server,High,Email Server 679,Core Ops,High,11261,Active,Infrastructure,Staging,11700.775562145474,2026-03-31 08:00:00
AST-40282AF0,CSE-GOV-01,SCADA Gateway,High,SCADA Gateway 680,Core Ops,High,5887,Active,Infrastructure,Production,6449.633436256937,2026-03-31 08:00:00
AST-70E953ED,CSE-BANK-02,Payment System,Low,Payment System 681,Core Ops,Standard,1966,Active,Infrastructure,Corporate,1595.7392032974406,2026-03-31 08:00:00
AST-AB2E13D9,CSE-GOV-01,DNS Server,High,DNS Server 682,Core Ops,High,18629,Active,Infrastructure,Staging,18936.29067867513,2026-03-31 08:00:00
AST-6C23487F,CSE-BANK-01,Endpoint Cluster,Critical,Endpoint Cluster 683,Core Ops,High,5049,Active,Infrastructure,Staging,4146.051852233434,2026-03-31 08:00:00
AST-9EBF64A9,CSE-BANK-01,Endpoint Cluster,Low,Endpoint Cluster 684,Core Ops,Standard,1388,Active,Infrastructure,Corporate,1499.675270925486,2026-03-31 08:00:00
AST-2165350D,CSE-TELECOM-01,DNS Server,Critical,DNS Server 685,Core Ops,High,8560,Active,Infrastructure,Corporate,7038.812623040171,2026-03-31 08:00:00
AST-0518858B,CSE-TELECOM-02,VPN Gateway,High,VPN Gateway 686,Core Ops,High,5018,Active,Infrastructure,Production,5844.420137191325,2026-03-31 08:00:00
AST-D7578591,CSE-TELECOM-02,Identity Server,Low,Identity Server 687,Core Ops,Standard,239,Active,Infrastructure,Corporate,258.3190933941579,2026-03-31 08:00:00
AST-D208C4A3,CSE-POWER-01,Backup System,High,Backup System 688,Core Ops,High,11340,Active,Infrastructure,Corporate,11373.519974426274,2026-03-31 08:00:00
AST-F1E71F87,CSE-TRANSPORT-01,Core Application,Medium,Core Application 689,Core Ops,Standard,1360,Active,Infrastructure,Corporate,1328.1781342649592,2026-03-31 08:00:00
AST-CFCE981B,CSE-GOV-01,Domain Controller,Low,Domain Controller 690,Core Ops,Standard,1073,Active,Infrastructure,Production,914.4846929733723,2026-03-31 08:00:00
AST-5E1E31A7,CSE-FIN-03,Domain Controller,Low,Domain Controller 691,Core Ops,Standard,1116,Active,Infrastructure,Production,1022.7021275016657,2026-03-31 08:00:00
AST-127495A7,CSE-INFRA-01,Domain Controller,Medium,Domain Controller 692,Core Ops,Standard,1052,Active,Infrastructure,Staging,1207.2579913927932,2026-03-31 08:00:00
AST-457D6E8E,CSE-ENERGY-01,Payment System,Critical,Payment System 693,Core Ops,High,12846,Active,Infrastructure,Production,14924.240326932719,2026-03-31 08:00:00
AST-B43EAE0C,CSE-HEALTH-01,Domain Controller,High,Domain Controller 694,Core Ops,High,13643,Active,Infrastructure,Staging,10918.480394119662,2026-03-31 08:00:00
AST-79F9AEC9,CSE-TELECOM-02,Cloud Workload,Low,Cloud Workload 695,Core Ops,Standard,1790,Active,Infrastructure,Corporate,1857.4016562979266,2026-03-31 08:00:00
AST-BF71CD5D,CSE-INFRA-01,Critical Database,Low,Critical Database 696,Core Ops,Standard,1313,Active,Infrastructure,Staging,1428.1766798599897,2026-03-31 08:00:00
AST-113DC527,CSE-HEALTH-01,Endpoint Cluster,Medium,Endpoint Cluster 697,Core Ops,Standard,1391,Active,Infrastructure,Staging,1457.0708210394118,2026-03-31 08:00:00
AST-3F83204C,CSE-INFRA-01,Core Application,High,Core Application 698,Core Ops,High,8765,Active,Infrastructure,Corporate,7298.369255621437,2026-03-31 08:00:00
AST-A4E2F8C1,CSE-TELECOM-01,Critical Database,High,Critical Database 699,Core Ops,High,7438,Active,Infrastructure,Staging,6598.175118906494,2026-03-31 08:00:00
AST-27B8D17F,CSE-HEALTH-01,Email Server,High,Email Server 700,Core Ops,High,17502,Active,Infrastructure,Production,15754.182143883607,2026-03-31 08:00:00
AST-18D48554,CSE-ENERGY-01,Core Application,Medium,Core Application 701,Core Ops,Standard,1165,Active,Infrastructure,Production,1319.583678188172,2026-03-31 08:00:00
AST-74B0B83B,CSE-INFRA-01,Critical Database,Critical,Critical Database 702,Core Ops,High,11358,Active,Infrastructure,Production,11190.807679038688,2026-03-31 08:00:00
AST-2672FBA8,CSE-POWER-02,Core Application,Low,Core Application 703,Core Ops,Standard,982,Active,Infrastructure,Production,976.8261216505178,2026-03-31 08:00:00
AST-AC456F97,CSE-ENERGY-01,Email Server,Medium,Email Server 704,Core Ops,Standard,238,Active,Infrastructure,Staging,279.40181803198925,2026-03-31 08:00:00
AST-5285F51E,CSE-HEALTH-01,Industrial Control System,High,Industrial Control System 705,Core Ops,High,10941,Active,Infrastructure,Staging,11540.942683983776,2026-03-31 08:00:00
AST-D94F54AB,CSE-ENERGY-01,Cloud Workload,Medium,Cloud Workload 706,Core Ops,Standard,1806,Active,Infrastructure,Corporate,2093.9975476016443,2026-03-31 08:00:00
AST-454B8A7E,CSE-INFRA-01,Payment System,Critical,Payment System 707,Core Ops,High,9855,Active,Infrastructure,Staging,9683.557907756323,2026-03-31 08:00:00
AST-C16739CE,CSE-BANK-02,Payment System,Medium,Payment System 708,Core Ops,Standard,372,Active,Infrastructure,Staging,319.8361152675222,2026-03-31 08:00:00
AST-43817424,CSE-INFRA-01,VPN Gateway,Medium,VPN Gateway 709,Core Ops,Standard,1604,Active,Infrastructure,Staging,1879.8466771579333,2026-03-31 08:00:00
AST-F15D12F3,CSE-INFRA-01,DNS Server,Low,DNS Server 710,Core Ops,Standard,515,Active,Infrastructure,Corporate,506.4932538275129,2026-03-31 08:00:00
AST-91302589,CSE-TELECOM-01,Backup System,Low,Backup System 711,Core Ops,Standard,605,Active,Infrastructure,Production,527.9548040946748,2026-03-31 08:00:00
AST-1D1340B2,CSE-GOV-01,Endpoint Cluster,High,Endpoint Cluster 712,Core Ops,High,7761,Active,Infrastructure,Staging,25.0,2025-12-26 00:00:00
AST-5DA37C5A,CSE-POWER-02,Domain Controller,High,Domain Controller 713,Core Ops,High,9456,Active,Infrastructure,Corporate,7756.9557152394555,2026-03-31 08:00:00
AST-638EDB70,CSE-FIN-03,Cloud Workload,Medium,Cloud Workload 714,Core Ops,Standard,1976,Active,Infrastructure,Corporate,1950.9447874871269,2026-03-31 08:00:00
AST-303F3E4F,CSE-TELECOM-02,API Gateway,High,API Gateway 715,Core Ops,High,14607,Active,Infrastructure,Corporate,16670.25728283713,2026-03-31 08:00:00
AST-031D0980,CSE-BANK-01,Domain Controller,Critical,Domain Controller 716,Core Ops,High,11361,Active,Infrastructure,Production,13331.363024276798,2026-03-31 08:00:00
AST-1E35776A,CSE-GOV-01,Backup System,High,Backup System 717,Core Ops,High,10693,Active,Infrastructure,Staging,12543.326161934587,2026-03-31 08:00:00
AST-8A5E66E5,CSE-BANK-01,Endpoint Cluster,Medium,Endpoint Cluster 718,Core Ops,Standard,489,Active,Infrastructure,Corporate,415.6949930129829,2026-03-31 08:00:00
AST-7AA9186C,CSE-TELECOM-01,Network Gateway,High,Network Gateway 719,Core Ops,High,5201,Active,Infrastructure,Production,4955.624897176003,2026-03-31 08:00:00
AST-7A1F6A28,CSE-POWER-02,Backup System,Medium,Backup System 720,Core Ops,Standard,1045,Active,Infrastructure,Corporate,847.7996215339953,2026-03-31 08:00:00
AST-99E04236,CSE-INFRA-01,Cloud Workload,Low,Cloud Workload 721,Core Ops,Standard,713,Active,Infrastructure,Corporate,814.293156385864,2026-03-31 08:00:00
AST-B1060EF3,CSE-POWER-01,Critical Database,High,Critical Database 722,Core Ops,High,5517,Active,Infrastructure,Corporate,9.0,2025-12-20 00:00:00
AST-8C38B1EA,CSE-TELECOM-02,Core Application,High,Core Application 723,Core Ops,High,12737,Active,Infrastructure,Corporate,13405.015033705356,2026-03-31 08:00:00
AST-C8E1255C,CSE-BANK-02,DNS Server,Critical,DNS Server 724,Core Ops,High,18636,Active,Infrastructure,Corporate,20237.938916803338,2026-03-31 08:00:00
AST-A7FD4352,CSE-POWER-01,DNS Server,Low,DNS Server 725,Core Ops,Standard,921,Active,Infrastructure,Production,895.1547763333784,2026-03-31 08:00:00
AST-20E417AE,CSE-TELECOM-01,API Gateway,High,API Gateway 726,Core Ops,High,14533,Active,Infrastructure,Staging,13407.810590833871,2026-03-31 08:00:00
AST-8F00C224,CSE-GOV-01,Cloud Workload,Critical,Cloud Workload 727,Core Ops,High,17968,Active,Infrastructure,Staging,21290.016627585315,2026-03-31 08:00:00
AST-F5561040,CSE-BANK-02,Email Server,High,Email Server 728,Core Ops,High,6988,Active,Infrastructure,Staging,8286.337486586677,2026-03-31 08:00:00
AST-81420B57,CSE-ENERGY-01,Network Gateway,Medium,Network Gateway 729,Core Ops,Standard,1494,Active,Infrastructure,Staging,1368.167173534741,2026-03-31 08:00:00
AST-A61B313A,CSE-HEALTH-01,Email Server,Critical,Email Server 730,Core Ops,High,18779,Active,Infrastructure,Production,18625.951876705672,2026-03-31 08:00:00
AST-E4D975AC,CSE-BANK-02,Payment System,Medium,Payment System 731,Core Ops,Standard,955,Active,Infrastructure,Production,1135.6264686081286,2026-03-31 08:00:00
AST-590443C6,CSE-FIN-03,VPN Gateway,Low,VPN Gateway 732,Core Ops,Standard,916,Active,Infrastructure,Production,734.5837845649764,2026-03-31 08:00:00
AST-293ADFB3,CSE-TELECOM-01,Payment System,High,Payment System 733,Core Ops,High,8802,Active,Infrastructure,Corporate,8494.557576893309,2026-03-31 08:00:00
AST-5DB03273,CSE-TRANSPORT-01,Backup System,Low,Backup System 734,Core Ops,Standard,1238,Active,Infrastructure,Corporate,1040.1465786020156,2026-03-31 08:00:00
AST-29A6C9DC,CSE-HEALTH-01,Domain Controller,High,Domain Controller 735,Core Ops,High,16467,Active,Infrastructure,Corporate,16527.321687567754,2026-03-31 08:00:00
AST-5BEE1114,CSE-BANK-01,Critical Database,Low,Critical Database 736,Core Ops,Standard,1186,Active,Infrastructure,Staging,960.5034264340071,2026-03-31 08:00:00
AST-335E4CD3,CSE-TELECOM-02,API Gateway,Medium,API Gateway 737,Core Ops,Standard,203,Active,Infrastructure,Corporate,195.44015262891898,2026-03-31 08:00:00
AST-D53F1A1A,CSE-BANK-01,Backup System,Low,Backup System 738,Core Ops,Standard,1974,Active,Infrastructure,Staging,1753.4639894505008,2026-03-31 08:00:00
AST-65CE17C9,CSE-BANK-02,SCADA Gateway,High,SCADA Gateway 739,Core Ops,High,18065,Active,Infrastructure,Corporate,18305.686227126862,2026-03-31 08:00:00
AST-87BA5422,CSE-BANK-01,Network Gateway,High,Network Gateway 740,Core Ops,High,11241,Active,Infrastructure,Staging,13471.185843816385,2026-03-31 08:00:00
AST-4ADB5156,CSE-FIN-03,DNS Server,Critical,DNS Server 741,Core Ops,High,19114,Active,Infrastructure,Corporate,21411.77884535706,2026-03-31 08:00:00
AST-F1EAB1CC,CSE-TELECOM-01,Network Gateway,Critical,Network Gateway 742,Core Ops,High,13399,Active,Infrastructure,Corporate,15251.503354270248,2026-03-31 08:00:00
AST-466F41E4,CSE-ENERGY-01,Backup System,High,Backup System 743,Core Ops,High,10633,Active,Infrastructure,Production,11208.30904423564,2026-03-31 08:00:00
AST-91EAC3DB,CSE-GOV-01,Backup System,Critical,Backup System 744,Core Ops,High,10755,Active,Infrastructure,Corporate,8782.790467267256,2026-03-31 08:00:00
AST-E71B9FE8,CSE-TELECOM-02,Cloud Workload,High,Cloud Workload 745,Core Ops,High,15825,Active,Infrastructure,Corporate,13969.029289359432,2026-03-31 08:00:00
AST-9675795C,CSE-FIN-03,Domain Controller,Critical,Domain Controller 746,Core Ops,High,11309,Active,Infrastructure,Production,13231.822027543898,2026-03-31 08:00:00
AST-6B732EF7,CSE-FIN-03,Payment System,Low,Payment System 747,Core Ops,Standard,1242,Active,Infrastructure,Staging,1175.4849969870036,2026-03-31 08:00:00
AST-608A959B,CSE-BANK-01,DNS Server,Critical,DNS Server 748,Core Ops,High,13345,Active,Infrastructure,Production,11229.212845954487,2026-03-31 08:00:00
AST-8E046763,CSE-BANK-01,VPN Gateway,High,VPN Gateway 749,Core Ops,High,19250,Active,Infrastructure,Production,20808.521317169754,2026-03-31 08:00:00
AST-FAD8A5A6,CSE-BANK-02,Domain Controller,Critical,Domain Controller 750,Core Ops,High,16558,Active,Infrastructure,Staging,15229.768397161355,2026-03-31 08:00:00
AST-F6033EA4,CSE-GOV-01,Core Application,High,Core Application 751,Core Ops,High,17506,Active,Infrastructure,Corporate,15887.443646920172,2026-03-31 08:00:00
AST-ECE88C6A,CSE-POWER-01,Cloud Workload,Low,Cloud Workload 752,Core Ops,Standard,1849,Active,Infrastructure,Staging,2217.3041261308895,2026-03-31 08:00:00
AST-DF4A6FB3,CSE-BANK-01,Cloud Workload,High,Cloud Workload 753,Core Ops,High,6518,Active,Infrastructure,Corporate,7451.739805329493,2026-03-31 08:00:00
AST-F70E5C23,CSE-TELECOM-01,API Gateway,Medium,API Gateway 754,Core Ops,Standard,276,Active,Infrastructure,Corporate,265.8363351478096,2026-03-31 08:00:00
AST-923B1976,CSE-TRANSPORT-01,Critical Database,Low,Critical Database 755,Core Ops,Standard,1422,Active,Infrastructure,Staging,1695.1725750060248,2026-03-31 08:00:00
AST-D6DE8B92,CSE-TELECOM-02,VPN Gateway,Low,VPN Gateway 756,Core Ops,Standard,1799,Active,Infrastructure,Production,1907.0214755724662,2026-03-31 08:00:00
AST-F803DEC4,CSE-INFRA-01,Endpoint Cluster,Medium,Endpoint Cluster 757,Core Ops,Standard,157,Active,Infrastructure,Staging,172.19900997804896,2026-03-31 08:00:00
AST-F3232BCC,CSE-BANK-01,Industrial Control System,Low,Industrial Control System 758,Core Ops,Standard,1392,Active,Infrastructure,Corporate,1131.1464623881755,2026-03-31 08:00:00
AST-4BAFBDFD,CSE-TELECOM-01,Endpoint Cluster,Low,Endpoint Cluster 759,Core Ops,Standard,407,Active,Infrastructure,Staging,345.3973362218637,2026-03-31 08:00:00
AST-A5DB1D9A,CSE-TELECOM-01,Backup System,Medium,Backup System 760,Core Ops,Standard,1693,Active,Infrastructure,Staging,1783.1252476632526,2026-03-31 08:00:00
AST-0822A0CE,CSE-TELECOM-02,Identity Server,Medium,Identity Server 761,Core Ops,Standard,1411,Active,Infrastructure,Corporate,1636.2091358073687,2026-03-31 08:00:00
AST-766736FD,CSE-POWER-01,DNS Server,Medium,DNS Server 762,Core Ops,Standard,1076,Active,Infrastructure,Production,1129.2592997081013,2026-03-31 08:00:00
AST-5EF11CDF,CSE-TELECOM-01,Identity Server,Medium,Identity Server 763,Core Ops,Standard,1228,Active,Infrastructure,Staging,1048.2330280894887,2026-03-31 08:00:00
AST-9D90EB68,CSE-TRANSPORT-01,Cloud Workload,Medium,Cloud Workload 764,Core Ops,Standard,1351,Active,Infrastructure,Corporate,1143.3567289915138,2026-03-31 08:00:00
AST-8E67838A,CSE-TELECOM-01,Domain Controller,Critical,Domain Controller 765,Core Ops,High,18445,Active,Infrastructure,Corporate,20984.403539390074,2026-03-31 08:00:00
AST-643586BE,CSE-TELECOM-01,Core Application,High,Core Application 766,Core Ops,High,6742,Active,Infrastructure,Staging,5769.270547027503,2026-03-31 08:00:00
AST-42E6CB35,CSE-TELECOM-01,API Gateway,High,API Gateway 767,Core Ops,High,6306,Active,Infrastructure,Production,6357.033097175353,2026-03-31 08:00:00
AST-6625CD86,CSE-ENERGY-01,SCADA Gateway,High,SCADA Gateway 768,Core Ops,High,8849,Active,Infrastructure,Staging,7210.566307338565,2026-03-31 08:00:00
AST-0A0552D1,CSE-ENERGY-01,Identity Server,High,Identity Server 769,Core Ops,High,17360,Active,Infrastructure,Production,14448.170864764337,2026-03-31 08:00:00
AST-13C2FCE2,CSE-POWER-01,API Gateway,High,API Gateway 770,Core Ops,High,17768,Active,Infrastructure,Production,18992.913607791368,2026-03-31 08:00:00
AST-46F3FDF4,CSE-BANK-01,Cloud Workload,Medium,Cloud Workload 771,Core Ops,Standard,1478,Active,Infrastructure,Production,1589.844049844748,2026-03-31 08:00:00
AST-6309E1A1,CSE-TELECOM-01,Critical Database,High,Critical Database 772,Core Ops,High,17847,Active,Infrastructure,Production,16715.281799896347,2026-03-31 08:00:00
AST-F8E46E6D,CSE-GOV-01,Email Server,Low,Email Server 773,Core Ops,Standard,1995,Active,Infrastructure,Staging,1768.0565926639497,2026-03-31 08:00:00
AST-A9DB7FA4,CSE-BANK-01,Endpoint Cluster,High,Endpoint Cluster 774,Core Ops,High,18754,Active,Infrastructure,Corporate,21107.328967113022,2026-03-31 08:00:00
AST-09889EC4,CSE-POWER-01,Core Application,High,Core Application 775,Core Ops,High,9195,Active,Infrastructure,Corporate,8154.505677990256,2026-03-31 08:00:00
AST-73FA15CA,CSE-POWER-02,DNS Server,Medium,DNS Server 776,Core Ops,Standard,996,Active,Infrastructure,Corporate,1012.7435845550858,2026-03-31 08:00:00
AST-862F8A36,CSE-BANK-01,Payment System,Medium,Payment System 777,Core Ops,Standard,309,Active,Infrastructure,Corporate,366.8706127306551,2026-03-31 08:00:00
AST-4F2D1E73,CSE-BANK-01,Backup System,High,Backup System 778,Core Ops,High,7305,Active,Infrastructure,Corporate,6276.024823433886,2026-03-31 08:00:00
AST-4014A314,CSE-HEALTH-01,API Gateway,Low,API Gateway 779,Core Ops,Standard,1931,Active,Infrastructure,Corporate,2271.5328290129128,2026-03-31 08:00:00
AST-79A479DB,CSE-BANK-02,Critical Database,Low,Critical Database 780,Core Ops,Standard,708,Active,Infrastructure,Staging,618.1953126290471,2026-03-31 08:00:00
AST-58F78699,CSE-INFRA-01,SCADA Gateway,Critical,SCADA Gateway 781,Core Ops,High,14280,Active,Infrastructure,Production,14665.235604228686,2026-03-31 08:00:00
AST-03EC85B6,CSE-HEALTH-01,Industrial Control System,Critical,Industrial Control System 782,Core Ops,High,7642,Active,Infrastructure,Corporate,11.0,2025-12-26 00:00:00
AST-1E6CFA02,CSE-TRANSPORT-01,Endpoint Cluster,Low,Endpoint Cluster 783,Core Ops,Standard,1067,Active,Infrastructure,Staging,1265.4315271209794,2026-03-31 08:00:00
AST-38234B69,CSE-ENERGY-01,Payment System,Medium,Payment System 784,Core Ops,Standard,571,Active,Infrastructure,Corporate,519.2769994240424,2026-03-31 08:00:00
AST-2E0E2FA5,CSE-ENERGY-01,DNS Server,Medium,DNS Server 785,Core Ops,Standard,1843,Active,Infrastructure,Corporate,1769.0278791376174,2026-03-31 08:00:00
AST-1152F115,CSE-BANK-02,Endpoint Cluster,Low,Endpoint Cluster 786,Core Ops,Standard,469,Active,Infrastructure,Production,559.5845581096769,2026-03-31 08:00:00
AST-9C671A97,CSE-TELECOM-02,Cloud Workload,High,Cloud Workload 787,Core Ops,High,9757,Active,Infrastructure,Production,9899.336642730374,2026-03-31 08:00:00
AST-2D3A5865,CSE-TELECOM-02,Industrial Control System,Critical,Industrial Control System 788,Core Ops,High,7994,Active,Infrastructure,Production,8002.410057710519,2026-03-31 08:00:00
AST-729DA33C,CSE-POWER-01,Endpoint Cluster,High,Endpoint Cluster 789,Core Ops,High,13751,Active,Infrastructure,Corporate,15.0,2025-12-27 00:00:00
AST-C1770474,CSE-FIN-03,VPN Gateway,Medium,VPN Gateway 790,Core Ops,Standard,236,Active,Infrastructure,Corporate,255.00872009330567,2026-03-31 08:00:00
AST-C402AD79,CSE-BANK-02,SCADA Gateway,Medium,SCADA Gateway 791,Core Ops,Standard,466,Active,Infrastructure,Corporate,375.4791182113778,2026-03-31 08:00:00
AST-6F5A292A,CSE-INFRA-01,Critical Database,Medium,Critical Database 792,Core Ops,Standard,1011,Active,Infrastructure,Production,828.8229074516075,2026-03-31 08:00:00
AST-A7FE9060,CSE-BANK-01,Backup System,High,Backup System 793,Core Ops,High,16107,Active,Infrastructure,Staging,16747.14750519855,2026-03-31 08:00:00
AST-05DA68CE,CSE-TELECOM-02,Identity Server,High,Identity Server 794,Core Ops,High,13801,Active,Infrastructure,Corporate,12926.980317307394,2026-03-31 08:00:00
AST-7AD5B5B0,CSE-INFRA-01,Industrial Control System,Critical,Industrial Control System 795,Core Ops,High,7461,Active,Infrastructure,Corporate,8813.877381196546,2026-03-31 08:00:00
AST-C100FCEA,CSE-TELECOM-01,DNS Server,Medium,DNS Server 796,Core Ops,Standard,571,Active,Infrastructure,Corporate,663.0887537610843,2026-03-31 08:00:00
AST-01C0EE93,CSE-FIN-03,Cloud Workload,Medium,Cloud Workload 797,Core Ops,Standard,1498,Active,Infrastructure,Staging,1626.0527901990827,2026-03-31 08:00:00
AST-5F8D7499,CSE-GOV-01,VPN Gateway,High,VPN Gateway 798,Core Ops,High,13475,Active,Infrastructure,Corporate,15189.804682278847,2026-03-31 08:00:00
AST-EE9CCFC7,CSE-BANK-01,Payment System,Low,Payment System 799,Core Ops,Standard,848,Active,Infrastructure,Staging,904.7589634072816,2026-03-31 08:00:00
AST-D03F6B1C,CSE-TRANSPORT-01,Domain Controller,High,Domain Controller 800,Core Ops,High,16120,Active,Infrastructure,Corporate,13705.753398275116,2026-03-31 08:00:00
AST-8DEC8742,CSE-TELECOM-01,Network Gateway,Low,Network Gateway 801,Core Ops,Standard,1634,Active,Infrastructure,Staging,1807.559146428863,2026-03-31 08:00:00
AST-DE8FFC3D,CSE-TELECOM-01,API Gateway,High,API Gateway 802,Core Ops,High,14283,Active,Infrastructure,Corporate,12627.268755684514,2026-03-31 08:00:00
AST-FEFAF3CF,CSE-BANK-02,Backup System,Medium,Backup System 803,Core Ops,Standard,1702,Active,Infrastructure,Production,1581.799895752214,2026-03-31 08:00:00
AST-3FB588AF,CSE-FIN-03,Endpoint Cluster,High,Endpoint Cluster 804,Core Ops,High,5816,Active,Infrastructure,Production,6558.66647103507,2026-03-31 08:00:00
AST-4B76594E,CSE-POWER-01,Identity Server,Low,Identity Server 805,Core Ops,Standard,1019,Active,Infrastructure,Production,1033.8878379811695,2026-03-31 08:00:00
AST-F6B517D9,CSE-TRANSPORT-01,Industrial Control System,Critical,Industrial Control System 806,Core Ops,High,12331,Active,Infrastructure,Production,14106.371578638249,2026-03-31 08:00:00
AST-B0ED5E5A,CSE-TELECOM-02,Endpoint Cluster,High,Endpoint Cluster 807,Core Ops,High,5082,Active,Infrastructure,Corporate,4498.658198177388,2026-03-31 08:00:00
AST-AF2F499A,CSE-INFRA-01,Email Server,Critical,Email Server 808,Core Ops,High,6920,Active,Infrastructure,Production,7218.330718063863,2026-03-31 08:00:00
AST-9E4E8E23,CSE-BANK-02,API Gateway,High,API Gateway 809,Core Ops,High,12817,Active,Infrastructure,Staging,10683.179558060428,2026-03-31 08:00:00
AST-EEA08AD9,CSE-TELECOM-02,Domain Controller,High,Domain Controller 810,Core Ops,High,16683,Active,Infrastructure,Production,17637.674622091326,2026-03-31 08:00:00
AST-690D34F8,CSE-BANK-02,VPN Gateway,Low,VPN Gateway 811,Core Ops,Standard,1015,Active,Infrastructure,Production,1121.5888193368671,2026-03-31 08:00:00
AST-87EE2C06,CSE-BANK-02,DNS Server,Critical,DNS Server 812,Core Ops,High,7093,Active,Infrastructure,Production,7333.96593239643,2026-03-31 08:00:00
AST-5AC87875,CSE-BANK-02,SCADA Gateway,Medium,SCADA Gateway 813,Core Ops,Standard,1133,Active,Infrastructure,Corporate,1027.0561164792607,2026-03-31 08:00:00
AST-4DD47BF5,CSE-FIN-03,VPN Gateway,Medium,VPN Gateway 814,Core Ops,Standard,1334,Active,Infrastructure,Production,1083.9244481030912,2026-03-31 08:00:00
AST-2F966AFF,CSE-POWER-01,VPN Gateway,Medium,VPN Gateway 815,Core Ops,Standard,1958,Active,Infrastructure,Staging,1659.9523659208287,2026-03-31 08:00:00
AST-0FC6436D,CSE-BANK-02,Network Gateway,High,Network Gateway 816,Core Ops,High,19597,Active,Infrastructure,Production,20555.708592365474,2026-03-31 08:00:00
AST-6FD6ECA0,CSE-POWER-02,Critical Database,High,Critical Database 817,Core Ops,High,13367,Active,Infrastructure,Production,15689.758015413552,2026-03-31 08:00:00
AST-F06F0933,CSE-GOV-01,VPN Gateway,Medium,VPN Gateway 818,Core Ops,Standard,1318,Active,Infrastructure,Production,1163.2849377740417,2026-03-31 08:00:00
AST-A4D03A59,CSE-TELECOM-02,Endpoint Cluster,Low,Endpoint Cluster 819,Core Ops,Standard,1406,Active,Infrastructure,Staging,1538.1787062567075,2026-03-31 08:00:00
AST-AB873F60,CSE-BANK-01,Domain Controller,High,Domain Controller 820,Core Ops,High,9937,Active,Infrastructure,Production,11393.56968620229,2026-03-31 08:00:00
AST-720BE532,CSE-HEALTH-01,Domain Controller,High,Domain Controller 821,Core Ops,High,5369,Active,Infrastructure,Staging,5413.846566433875,2026-03-31 08:00:00
AST-CB6C5CB2,CSE-INFRA-01,SCADA Gateway,Critical,SCADA Gateway 822,Core Ops,High,6818,Active,Infrastructure,Staging,28.0,2025-12-10 00:00:00
AST-C40A4F4E,CSE-TRANSPORT-01,Core Application,Low,Core Application 823,Core Ops,Standard,1286,Active,Infrastructure,Production,1448.0438788982106,2026-03-31 08:00:00
AST-3CCEC106,CSE-ENERGY-01,SCADA Gateway,High,SCADA Gateway 824,Core Ops,High,17977,Active,Infrastructure,Staging,16256.062924281061,2026-03-31 08:00:00
AST-CF55A8CB,CSE-POWER-01,Endpoint Cluster,Critical,Endpoint Cluster 825,Core Ops,High,8490,Active,Infrastructure,Corporate,7800.257709814274,2026-03-31 08:00:00
AST-4C97EAAF,CSE-BANK-01,DNS Server,Low,DNS Server 826,Core Ops,Standard,1816,Active,Infrastructure,Production,1453.2558280789106,2026-03-31 08:00:00
AST-CDD10217,CSE-TELECOM-01,Core Application,High,Core Application 827,Core Ops,High,12674,Active,Infrastructure,Production,15021.702005999497,2026-03-31 08:00:00
AST-4CCD98F0,CSE-POWER-02,Core Application,High,Core Application 828,Core Ops,High,6364,Active,Infrastructure,Staging,7426.902283684454,2026-03-31 08:00:00
AST-21CDD657,CSE-ENERGY-01,Identity Server,Medium,Identity Server 829,Core Ops,Standard,1810,Active,Infrastructure,Staging,2001.5474229618276,2026-03-31 08:00:00
AST-FBFE4626,CSE-HEALTH-01,Identity Server,Low,Identity Server 830,Core Ops,Standard,261,Active,Infrastructure,Production,217.05553658996206,2026-03-31 08:00:00
AST-E5FEB273,CSE-BANK-01,Payment System,High,Payment System 831,Core Ops,High,17654,Active,Infrastructure,Corporate,17283.286405902047,2026-03-31 08:00:00
AST-2623C9A6,CSE-ENERGY-01,Industrial Control System,Critical,Industrial Control System 832,Core Ops,High,16534,Active,Infrastructure,Staging,13901.071304066261,2026-03-31 08:00:00
AST-FB15FB43,CSE-BANK-01,Industrial Control System,Critical,Industrial Control System 833,Core Ops,High,17931,Active,Infrastructure,Staging,36.0,2025-12-08 00:00:00
AST-D1D659A5,CSE-INFRA-01,Cloud Workload,Critical,Cloud Workload 834,Core Ops,High,8676,Active,Infrastructure,Corporate,9079.201362473797,2026-03-31 08:00:00
AST-E62B5914,CSE-POWER-02,Backup System,Medium,Backup System 835,Core Ops,Standard,1594,Active,Infrastructure,Corporate,1887.8248363303283,2026-03-31 08:00:00
AST-A850CC38,CSE-HEALTH-01,Critical Database,Critical,Critical Database 836,Core Ops,High,13264,Active,Infrastructure,Production,15401.456585121616,2026-03-31 08:00:00
AST-0A395E2D,CSE-TELECOM-01,Industrial Control System,Critical,Industrial Control System 837,Core Ops,High,13089,Active,Infrastructure,Corporate,14119.129509075803,2026-03-31 08:00:00
AST-0B686B0D,CSE-BANK-02,Identity Server,Critical,Identity Server 838,Core Ops,High,7962,Active,Infrastructure,Production,6677.380932448284,2026-03-31 08:00:00
AST-29B53905,CSE-TELECOM-02,Payment System,Medium,Payment System 839,Core Ops,Standard,282,Active,Infrastructure,Corporate,256.52570344943547,2026-03-31 08:00:00
AST-76ABED15,CSE-TELECOM-01,VPN Gateway,Medium,VPN Gateway 840,Core Ops,Standard,467,Active,Infrastructure,Staging,433.38659658217233,2026-03-31 08:00:00
AST-9F0E8D94,CSE-BANK-02,Payment System,Low,Payment System 841,Core Ops,Standard,228,Active,Infrastructure,Production,251.9992852663952,2026-03-31 08:00:00
AST-0E4024D9,CSE-FIN-03,VPN Gateway,High,VPN Gateway 842,Core Ops,High,9138,Active,Infrastructure,Production,10242.78119994019,2026-03-31 08:00:00
AST-1CA32009,CSE-FIN-03,DNS Server,Low,DNS Server 843,Core Ops,Standard,1724,Active,Infrastructure,Production,1644.7691824138492,2026-03-31 08:00:00
AST-9AD6AB69,CSE-FIN-03,DNS Server,Low,DNS Server 844,Core Ops,Standard,1701,Active,Infrastructure,Corporate,1645.1282712986217,2026-03-31 08:00:00
AST-238680E5,CSE-POWER-01,Core Application,High,Core Application 845,Core Ops,High,15409,Active,Infrastructure,Staging,12601.53591448261,2026-03-31 08:00:00
AST-414EB576,CSE-GOV-01,Cloud Workload,Critical,Cloud Workload 846,Core Ops,High,9017,Active,Infrastructure,Production,8256.458315992788,2026-03-31 08:00:00
AST-5D6CA381,CSE-TRANSPORT-01,Backup System,Critical,Backup System 847,Core Ops,High,15451,Active,Infrastructure,Production,15149.922909028686,2026-03-31 08:00:00
AST-E3E0D5E7,CSE-TRANSPORT-01,SCADA Gateway,High,SCADA Gateway 848,Core Ops,High,18804,Active,Infrastructure,Production,15923.099681691354,2026-03-31 08:00:00
AST-56DF46AA,CSE-FIN-03,Critical Database,Critical,Critical Database 849,Core Ops,High,16943,Active,Infrastructure,Production,16626.284235028932,2026-03-31 08:00:00
AST-FA28CC46,CSE-TELECOM-02,Endpoint Cluster,High,Endpoint Cluster 850,Core Ops,High,15278,Active,Infrastructure,Staging,36.0,2025-12-12 00:00:00
AST-C59577F1,CSE-HEALTH-01,Core Application,High,Core Application 851,Core Ops,High,13560,Active,Infrastructure,Corporate,34.0,2025-12-26 00:00:00
AST-ED19C45A,CSE-POWER-02,SCADA Gateway,Low,SCADA Gateway 852,Core Ops,Standard,1849,Active,Infrastructure,Staging,1537.57652078641,2026-03-31 08:00:00
AST-541E45E0,CSE-HEALTH-01,Industrial Control System,High,Industrial Control System 853,Core Ops,High,13342,Active,Infrastructure,Production,11696.511494333408,2026-03-31 08:00:00
AST-F36D72AA,CSE-POWER-02,Cloud Workload,Low,Cloud Workload 854,Core Ops,Standard,545,Active,Infrastructure,Staging,539.4506683345653,2026-03-31 08:00:00
AST-7B711619,CSE-HEALTH-01,Core Application,Medium,Core Application 855,Core Ops,Standard,1604,Active,Infrastructure,Production,1515.1301553256747,2026-03-31 08:00:00
AST-E2C5A034,CSE-GOV-01,API Gateway,Low,API Gateway 856,Core Ops,Standard,983,Active,Infrastructure,Corporate,927.451464085526,2026-03-31 08:00:00
AST-0214A2FA,CSE-POWER-01,Industrial Control System,Medium,Industrial Control System 857,Core Ops,Standard,393,Active,Infrastructure,Corporate,397.60084284817236,2026-03-31 08:00:00
AST-67F2CF0A,CSE-POWER-01,SCADA Gateway,High,SCADA Gateway 858,Core Ops,High,10119,Active,Infrastructure,Corporate,10460.600932225489,2026-03-31 08:00:00
AST-6FEAC5BE,CSE-FIN-03,Critical Database,Medium,Critical Database 859,Core Ops,Standard,1266,Active,Infrastructure,Production,1416.3306991878633,2026-03-31 08:00:00
AST-E2EE0B42,CSE-BANK-02,Endpoint Cluster,High,Endpoint Cluster 860,Core Ops,High,15976,Active,Infrastructure,Staging,14959.712727150662,2026-03-31 08:00:00
AST-5BCEC7A2,CSE-ENERGY-01,SCADA Gateway,Critical,SCADA Gateway 861,Core Ops,High,11136,Active,Infrastructure,Corporate,12496.66901117599,2026-03-31 08:00:00
AST-CF28B014,CSE-POWER-01,VPN Gateway,Low,VPN Gateway 862,Core Ops,Standard,1047,Active,Infrastructure,Production,979.4103827523705,2026-03-31 08:00:00
AST-CBC4FB87,CSE-POWER-01,DNS Server,High,DNS Server 863,Core Ops,High,9164,Active,Infrastructure,Production,7534.395164262987,2026-03-31 08:00:00
AST-AA4F314C,CSE-TELECOM-01,Core Application,Critical,Core Application 864,Core Ops,High,7346,Active,Infrastructure,Staging,7505.224993712478,2026-03-31 08:00:00
AST-DE9DEFB7,CSE-TELECOM-01,Core Application,Medium,Core Application 865,Core Ops,Standard,1148,Active,Infrastructure,Corporate,1188.364747591699,2026-03-31 08:00:00
AST-82F70DCD,CSE-BANK-02,Endpoint Cluster,Low,Endpoint Cluster 866,Core Ops,Standard,888,Active,Infrastructure,Production,1042.3486952448848,2026-03-31 08:00:00
AST-D0814AB8,CSE-INFRA-01,Domain Controller,Medium,Domain Controller 867,Core Ops,Standard,1083,Active,Infrastructure,Staging,1180.929766450264,2026-03-31 08:00:00
AST-195EC5FC,CSE-ENERGY-01,Critical Database,High,Critical Database 868,Core Ops,High,15442,Active,Infrastructure,Corporate,18022.49811992765,2026-03-31 08:00:00
AST-29516CDD,CSE-TELECOM-02,Email Server,Medium,Email Server 869,Core Ops,Standard,989,Active,Infrastructure,Staging,1150.5421563721347,2026-03-31 08:00:00
AST-486F69FF,CSE-TELECOM-01,Industrial Control System,High,Industrial Control System 870,Core Ops,High,10041,Active,Infrastructure,Staging,10461.011456441203,2026-03-31 08:00:00
AST-A1E4CB31,CSE-TELECOM-02,Payment System,Medium,Payment System 871,Core Ops,Standard,724,Active,Infrastructure,Production,732.0398941214352,2026-03-31 08:00:00
AST-AC9E6594,CSE-BANK-01,Endpoint Cluster,Low,Endpoint Cluster 872,Core Ops,Standard,974,Active,Infrastructure,Production,996.3790008069386,2026-03-31 08:00:00
AST-D94305C7,CSE-TELECOM-01,Critical Database,Medium,Critical Database 873,Core Ops,Standard,1235,Active,Infrastructure,Production,1471.2954189925601,2026-03-31 08:00:00
AST-A3B8BACC,CSE-GOV-01,Payment System,Low,Payment System 874,Core Ops,Standard,1487,Active,Infrastructure,Staging,1649.480143051091,2026-03-31 08:00:00
AST-658D7E63,CSE-INFRA-01,Critical Database,High,Critical Database 875,Core Ops,High,9426,Active,Infrastructure,Production,7941.46496742925,2026-03-31 08:00:00
AST-F8F7C533,CSE-ENERGY-01,Critical Database,Medium,Critical Database 876,Core Ops,Standard,570,Active,Infrastructure,Staging,633.4816767461591,2026-03-31 08:00:00
AST-6CEF87C0,CSE-BANK-02,SCADA Gateway,Low,SCADA Gateway 877,Core Ops,Standard,190,Active,Infrastructure,Staging,164.96089171626517,2026-03-31 08:00:00
AST-38CA25F8,CSE-BANK-01,Backup System,High,Backup System 878,Core Ops,High,6629,Active,Infrastructure,Production,27.0,2025-12-22 00:00:00
AST-769C683A,CSE-ENERGY-01,VPN Gateway,Low,VPN Gateway 879,Core Ops,Standard,760,Active,Infrastructure,Corporate,671.9797403416665,2026-03-31 08:00:00
AST-593BE59B,CSE-FIN-03,Critical Database,High,Critical Database 880,Core Ops,High,6526,Active,Infrastructure,Corporate,7020.887634267943,2026-03-31 08:00:00
AST-BF7E4F30,CSE-GOV-01,Backup System,Medium,Backup System 881,Core Ops,Standard,825,Active,Infrastructure,Corporate,949.5122129437017,2026-03-31 08:00:00
AST-D6F881AF,CSE-ENERGY-01,Domain Controller,Low,Domain Controller 882,Core Ops,Standard,971,Active,Infrastructure,Staging,889.576556276419,2026-03-31 08:00:00
AST-FF6DDFD4,CSE-GOV-01,Email Server,Medium,Email Server 883,Core Ops,Standard,1786,Active,Infrastructure,Staging,1487.3884735191293,2026-03-31 08:00:00
AST-607F522A,CSE-GOV-01,Core Application,High,Core Application 884,Core Ops,High,15878,Active,Infrastructure,Staging,14598.189364493706,2026-03-31 08:00:00
AST-9E94EADC,CSE-TELECOM-02,Network Gateway,Medium,Network Gateway 885,Core Ops,Standard,1675,Active,Infrastructure,Production,1790.4824448145703,2026-03-31 08:00:00
AST-0EFB6351,CSE-HEALTH-01,Payment System,Medium,Payment System 886,Core Ops,Standard,1365,Active,Infrastructure,Staging,1271.5030296447296,2026-03-31 08:00:00
AST-53002264,CSE-FIN-03,Core Application,Low,Core Application 887,Core Ops,Standard,237,Active,Infrastructure,Production,215.9650334841006,2026-03-31 08:00:00
AST-3CAF1501,CSE-BANK-01,Network Gateway,Critical,Network Gateway 888,Core Ops,High,15558,Active,Infrastructure,Production,13594.177078043998,2026-03-31 08:00:00
AST-AF8261A4,CSE-ENERGY-01,Email Server,Critical,Email Server 889,Core Ops,High,19924,Active,Infrastructure,Corporate,3.0,2025-12-10 00:00:00
AST-55D8F808,CSE-POWER-02,VPN Gateway,Medium,VPN Gateway 890,Core Ops,Standard,1108,Active,Infrastructure,Corporate,1008.7005206392656,2026-03-31 08:00:00
AST-953C54FE,CSE-BANK-01,Email Server,Critical,Email Server 891,Core Ops,High,16949,Active,Infrastructure,Corporate,18515.15776302604,2026-03-31 08:00:00
AST-58EB144C,CSE-HEALTH-01,Payment System,Medium,Payment System 892,Core Ops,Standard,602,Active,Infrastructure,Production,500.0506743997224,2026-03-31 08:00:00
AST-92C277F7,CSE-BANK-01,DNS Server,Medium,DNS Server 893,Core Ops,Standard,302,Active,Infrastructure,Production,321.81519039984715,2026-03-31 08:00:00
AST-9E31ACED,CSE-POWER-01,Payment System,Low,Payment System 894,Core Ops,Standard,672,Active,Infrastructure,Production,601.4561319158165,2026-03-31 08:00:00
AST-A52D69C7,CSE-POWER-02,Email Server,Medium,Email Server 895,Core Ops,Standard,291,Active,Infrastructure,Staging,289.7521059864066,2026-03-31 08:00:00
AST-C632C4E7,CSE-HEALTH-01,Network Gateway,Medium,Network Gateway 896,Core Ops,Standard,104,Active,Infrastructure,Production,95.10134075650043,2026-03-31 08:00:00
AST-E87251F2,CSE-TELECOM-02,Endpoint Cluster,High,Endpoint Cluster 897,Core Ops,High,5602,Active,Infrastructure,Corporate,6101.180049204991,2026-03-31 08:00:00
AST-D13213F2,CSE-ENERGY-01,Critical Database,High,Critical Database 898,Core Ops,High,17013,Active,Infrastructure,Corporate,20043.403470320438,2026-03-31 08:00:00
AST-E1A3D810,CSE-INFRA-01,Industrial Control System,High,Industrial Control System 899,Core Ops,High,19087,Active,Infrastructure,Production,22271.29779589613,2026-03-31 08:00:00
AST-EE26EE84,CSE-TRANSPORT-01,Cloud Workload,High,Cloud Workload 900,Core Ops,High,5690,Active,Infrastructure,Production,5879.878065667952,2026-03-31 08:00:00
AST-9175C148,CSE-HEALTH-01,Backup System,Medium,Backup System 901,Core Ops,Standard,155,Active,Infrastructure,Corporate,152.68183880193266,2026-03-31 08:00:00
AST-704BA740,CSE-BANK-02,API Gateway,Medium,API Gateway 902,Core Ops,Standard,542,Active,Infrastructure,Production,611.007550446458,2026-03-31 08:00:00
AST-38648A62,CSE-ENERGY-01,Cloud Workload,Medium,Cloud Workload 903,Core Ops,Standard,1360,Active,Infrastructure,Corporate,1459.729541269485,2026-03-31 08:00:00
AST-7215E068,CSE-FIN-03,Core Application,Low,Core Application 904,Core Ops,Standard,969,Active,Infrastructure,Staging,846.3494506704832,2026-03-31 08:00:00
AST-FD9EB404,CSE-HEALTH-01,SCADA Gateway,Low,SCADA Gateway 905,Core Ops,Standard,1984,Active,Infrastructure,Corporate,2238.681487923277,2026-03-31 08:00:00
AST-1EEE8294,CSE-POWER-01,Core Application,Low,Core Application 906,Core Ops,Standard,1320,Active,Infrastructure,Staging,1282.450957600407,2026-03-31 08:00:00
AST-24F9C5CD,CSE-TRANSPORT-01,SCADA Gateway,Medium,SCADA Gateway 907,Core Ops,Standard,684,Active,Infrastructure,Production,598.9064765681135,2026-03-31 08:00:00
AST-ED5601C2,CSE-POWER-01,Network Gateway,Medium,Network Gateway 908,Core Ops,Standard,1694,Active,Infrastructure,Production,1546.1458846286632,2026-03-31 08:00:00
AST-43DC34CA,CSE-TRANSPORT-01,DNS Server,Critical,DNS Server 909,Core Ops,High,5294,Active,Infrastructure,Staging,4801.71523925389,2026-03-31 08:00:00
AST-738E02AC,CSE-FIN-03,SCADA Gateway,High,SCADA Gateway 910,Core Ops,High,10488,Active,Infrastructure,Production,10568.577099856437,2026-03-31 08:00:00
AST-33E07F04,CSE-INFRA-01,Payment System,Critical,Payment System 911,Core Ops,High,9027,Active,Infrastructure,Staging,8067.863523419673,2026-03-31 08:00:00
AST-882D378F,CSE-BANK-02,Endpoint Cluster,Low,Endpoint Cluster 912,Core Ops,Standard,459,Active,Infrastructure,Production,389.8868070869294,2026-03-31 08:00:00
AST-DF10B907,CSE-ENERGY-01,Industrial Control System,Low,Industrial Control System 913,Core Ops,Standard,1823,Active,Infrastructure,Corporate,1548.5953682675545,2026-03-31 08:00:00
AST-7451E0D8,CSE-TELECOM-02,Industrial Control System,High,Industrial Control System 914,Core Ops,High,14909,Active,Infrastructure,Production,15405.625929258716,2026-03-31 08:00:00
AST-AB2E50EE,CSE-POWER-01,Payment System,Critical,Payment System 915,Core Ops,High,15788,Active,Infrastructure,Corporate,17270.551860941596,2026-03-31 08:00:00
AST-1CBCE760,CSE-POWER-01,Endpoint Cluster,Low,Endpoint Cluster 916,Core Ops,Standard,1902,Active,Infrastructure,Corporate,1766.2223131242097,2026-03-31 08:00:00
AST-74434214,CSE-GOV-01,VPN Gateway,High,VPN Gateway 917,Core Ops,High,6873,Active,Infrastructure,Staging,5593.661731420696,2026-03-31 08:00:00
AST-257576A7,CSE-TRANSPORT-01,Domain Controller,Critical,Domain Controller 918,Core Ops,High,17855,Active,Infrastructure,Production,15192.640142504131,2026-03-31 08:00:00
AST-A9766FCA,CSE-TELECOM-01,VPN Gateway,Low,VPN Gateway 919,Core Ops,Standard,1725,Active,Infrastructure,Staging,2011.1392466325694,2026-03-31 08:00:00
AST-A6D36991,CSE-INFRA-01,DNS Server,Critical,DNS Server 920,Core Ops,High,7817,Active,Infrastructure,Production,7796.812314804301,2026-03-31 08:00:00
AST-85D2AADE,CSE-ENERGY-01,Cloud Workload,High,Cloud Workload 921,Core Ops,High,13636,Active,Infrastructure,Corporate,13382.76753276501,2026-03-31 08:00:00
AST-7595257F,CSE-TRANSPORT-01,DNS Server,Medium,DNS Server 922,Core Ops,Standard,1059,Active,Infrastructure,Corporate,863.3176319321545,2026-03-31 08:00:00
AST-7C0D8B38,CSE-GOV-01,Network Gateway,Low,Network Gateway 923,Core Ops,Standard,1568,Active,Infrastructure,Production,1711.401140397159,2026-03-31 08:00:00
AST-3129FB63,CSE-BANK-01,Cloud Workload,Medium,Cloud Workload 924,Core Ops,Standard,992,Active,Infrastructure,Production,1003.1374145138489,2026-03-31 08:00:00
AST-1161F2BD,CSE-TRANSPORT-01,Domain Controller,High,Domain Controller 925,Core Ops,High,10307,Active,Infrastructure,Staging,9078.73928329751,2026-03-31 08:00:00
AST-F18EB079,CSE-TELECOM-02,Domain Controller,Critical,Domain Controller 926,Core Ops,High,13933,Active,Infrastructure,Production,11759.863080241068,2026-03-31 08:00:00
AST-B925FD62,CSE-ENERGY-01,Core Application,Critical,Core Application 927,Core Ops,High,7041,Active,Infrastructure,Production,6712.573579133161,2026-03-31 08:00:00
AST-B2353521,CSE-INFRA-01,Email Server,Medium,Email Server 928,Core Ops,Standard,556,Active,Infrastructure,Production,630.9848208369738,2026-03-31 08:00:00
AST-660BE85D,CSE-GOV-01,Core Application,Medium,Core Application 929,Core Ops,Standard,714,Active,Infrastructure,Staging,818.3281261078125,2026-03-31 08:00:00
AST-CCD37741,CSE-BANK-01,Email Server,High,Email Server 930,Core Ops,High,16889,Active,Infrastructure,Production,17583.789007400763,2026-03-31 08:00:00
AST-B83134CD,CSE-POWER-02,DNS Server,Low,DNS Server 931,Core Ops,Standard,797,Active,Infrastructure,Corporate,869.5386130009695,2026-03-31 08:00:00
AST-7A616C9D,CSE-GOV-01,API Gateway,High,API Gateway 932,Core Ops,High,10668,Active,Infrastructure,Staging,9025.792776005528,2026-03-31 08:00:00
AST-9ABDB210,CSE-POWER-02,DNS Server,Critical,DNS Server 933,Core Ops,High,14550,Active,Infrastructure,Staging,15062.893701022917,2026-03-31 08:00:00
AST-1AC4C744,CSE-ENERGY-01,SCADA Gateway,High,SCADA Gateway 934,Core Ops,High,19427,Active,Infrastructure,Corporate,20724.457088658193,2026-03-31 08:00:00
AST-45F8F93B,CSE-POWER-01,Endpoint Cluster,Critical,Endpoint Cluster 935,Core Ops,High,12697,Active,Infrastructure,Corporate,14.0,2025-12-25 00:00:00
AST-5FA7FFCD,CSE-GOV-01,Email Server,Medium,Email Server 936,Core Ops,Standard,642,Active,Infrastructure,Corporate,739.6237354113545,2026-03-31 08:00:00
AST-32194CCB,CSE-BANK-02,VPN Gateway,Medium,VPN Gateway 937,Core Ops,Standard,1687,Active,Infrastructure,Production,1481.1837984791844,2026-03-31 08:00:00
AST-1A4BA337,CSE-POWER-02,Cloud Workload,High,Cloud Workload 938,Core Ops,High,12829,Active,Infrastructure,Corporate,11871.840419788045,2026-03-31 08:00:00
AST-6DAFB1B7,CSE-TELECOM-02,Payment System,Medium,Payment System 939,Core Ops,Standard,1711,Active,Infrastructure,Production,1793.509106102855,2026-03-31 08:00:00
AST-8110E9A7,CSE-BANK-02,Core Application,High,Core Application 940,Core Ops,High,18450,Active,Infrastructure,Staging,19471.023480664793,2026-03-31 08:00:00
AST-CDF3453E,CSE-HEALTH-01,Endpoint Cluster,Medium,Endpoint Cluster 941,Core Ops,Standard,1562,Active,Infrastructure,Staging,1686.575586168907,2026-03-31 08:00:00
AST-FF97EF64,CSE-HEALTH-01,Network Gateway,Low,Network Gateway 942,Core Ops,Standard,377,Active,Infrastructure,Corporate,318.4913663306854,2026-03-31 08:00:00
AST-09EB2959,CSE-BANK-01,Endpoint Cluster,Critical,Endpoint Cluster 943,Core Ops,High,18516,Active,Infrastructure,Production,21104.273353822853,2026-03-31 08:00:00
AST-CCBF345B,CSE-INFRA-01,Backup System,Medium,Backup System 944,Core Ops,Standard,1736,Active,Infrastructure,Corporate,1758.8090486574954,2026-03-31 08:00:00
AST-1C9A08E3,CSE-POWER-01,SCADA Gateway,Critical,SCADA Gateway 945,Core Ops,High,17543,Active,Infrastructure,Corporate,17341.759293594085,2026-03-31 08:00:00
AST-034C6F15,CSE-ENERGY-01,Backup System,High,Backup System 946,Core Ops,High,13326,Active,Infrastructure,Production,15890.442777706812,2026-03-31 08:00:00
AST-744BDBA4,CSE-GOV-01,API Gateway,Critical,API Gateway 947,Core Ops,High,8644,Active,Infrastructure,Corporate,9475.13199950327,2026-03-31 08:00:00
AST-B4F0BFDC,CSE-TELECOM-01,Email Server,Medium,Email Server 948,Core Ops,Standard,860,Active,Infrastructure,Staging,728.594073157065,2026-03-31 08:00:00
AST-3BC6E536,CSE-TELECOM-02,API Gateway,Medium,API Gateway 949,Core Ops,Standard,1314,Active,Infrastructure,Corporate,1448.8369862941122,2026-03-31 08:00:00
AST-63E12BDD,CSE-POWER-02,Network Gateway,High,Network Gateway 950,Core Ops,High,15327,Active,Infrastructure,Production,12845.55216440087,2026-03-31 08:00:00
AST-2C155B5A,CSE-ENERGY-01,VPN Gateway,Low,VPN Gateway 951,Core Ops,Standard,793,Active,Infrastructure,Production,643.1136624291188,2026-03-31 08:00:00
AST-2D730FAC,CSE-BANK-02,Domain Controller,Medium,Domain Controller 952,Core Ops,Standard,1549,Active,Infrastructure,Staging,1489.2866047092282,2026-03-31 08:00:00
AST-82E1AC45,CSE-FIN-03,Backup System,Low,Backup System 953,Core Ops,Standard,504,Active,Infrastructure,Production,603.5053596403544,2026-03-31 08:00:00
AST-312B38F1,CSE-HEALTH-01,Industrial Control System,Medium,Industrial Control System 954,Core Ops,Standard,1458,Active,Infrastructure,Production,1268.392311588844,2026-03-31 08:00:00
AST-C2CB51D6,CSE-FIN-03,Backup System,Medium,Backup System 955,Core Ops,Standard,1332,Active,Infrastructure,Staging,1423.9849062310736,2026-03-31 08:00:00
AST-C8B0D7C5,CSE-TELECOM-02,Network Gateway,High,Network Gateway 956,Core Ops,High,18261,Active,Infrastructure,Corporate,15875.35422599598,2026-03-31 08:00:00
AST-812924C4,CSE-TELECOM-01,Identity Server,High,Identity Server 957,Core Ops,High,16173,Active,Infrastructure,Staging,17627.19189840079,2026-03-31 08:00:00
AST-A3B1EC0B,CSE-GOV-01,Network Gateway,Low,Network Gateway 958,Core Ops,Standard,710,Active,Infrastructure,Corporate,711.5204417795427,2026-03-31 08:00:00
AST-8A62C7C2,CSE-BANK-01,API Gateway,High,API Gateway 959,Core Ops,High,13312,Active,Infrastructure,Staging,14270.31336188391,2026-03-31 08:00:00
AST-2CB123BE,CSE-TELECOM-01,Endpoint Cluster,Low,Endpoint Cluster 960,Core Ops,Standard,107,Active,Infrastructure,Corporate,94.28297192912925,2026-03-31 08:00:00
AST-BE1389BB,CSE-TELECOM-02,Payment System,Medium,Payment System 961,Core Ops,Standard,801,Active,Infrastructure,Staging,879.6993177395689,2026-03-31 08:00:00
AST-BD5C1D71,CSE-TELECOM-01,Core Application,High,Core Application 962,Core Ops,High,18652,Active,Infrastructure,Corporate,22349.71468003309,2026-03-31 08:00:00
AST-93FC2A2A,CSE-TELECOM-02,Payment System,High,Payment System 963,Core Ops,High,10103,Active,Infrastructure,Staging,10772.426803129627,2026-03-31 08:00:00
AST-1C8943C8,CSE-TELECOM-02,API Gateway,High,API Gateway 964,Core Ops,High,14116,Active,Infrastructure,Corporate,14079.185461118697,2026-03-31 08:00:00
AST-A93D72DE,CSE-TRANSPORT-01,Core Application,Low,Core Application 965,Core Ops,Standard,701,Active,Infrastructure,Staging,819.6579864088419,2026-03-31 08:00:00
AST-A92D59AB,CSE-POWER-02,Identity Server,Critical,Identity Server 966,Core Ops,High,7032,Active,Infrastructure,Production,5670.188061829822,2026-03-31 08:00:00
AST-BDA500F5,CSE-FIN-03,Industrial Control System,Critical,Industrial Control System 967,Core Ops,High,7761,Active,Infrastructure,Corporate,8474.774573270903,2026-03-31 08:00:00
AST-C211852F,CSE-HEALTH-01,SCADA Gateway,Critical,SCADA Gateway 968,Core Ops,High,7068,Active,Infrastructure,Staging,8167.064152336011,2026-03-31 08:00:00
AST-B8866EFE,CSE-TRANSPORT-01,Cloud Workload,High,Cloud Workload 969,Core Ops,High,5241,Active,Infrastructure,Corporate,4322.094597102976,2026-03-31 08:00:00
AST-286FEC07,CSE-GOV-01,API Gateway,Critical,API Gateway 970,Core Ops,High,19790,Active,Infrastructure,Corporate,19394.707973011144,2026-03-31 08:00:00
AST-5403970E,CSE-TRANSPORT-01,Endpoint Cluster,High,Endpoint Cluster 971,Core Ops,High,7668,Active,Infrastructure,Staging,6762.315509155437,2026-03-31 08:00:00
AST-7815CB12,CSE-POWER-01,Email Server,Low,Email Server 972,Core Ops,Standard,528,Active,Infrastructure,Corporate,542.0486365721497,2026-03-31 08:00:00
AST-26EF5F41,CSE-POWER-01,API Gateway,Critical,API Gateway 973,Core Ops,High,18907,Active,Infrastructure,Staging,20037.963487327765,2026-03-31 08:00:00
AST-635DCFE6,CSE-HEALTH-01,API Gateway,Critical,API Gateway 974,Core Ops,High,5802,Active,Infrastructure,Production,5343.927882941054,2026-03-31 08:00:00
AST-615FD590,CSE-TELECOM-01,Backup System,Critical,Backup System 975,Core Ops,High,10059,Active,Infrastructure,Corporate,9897.982246116806,2026-03-31 08:00:00
AST-809178D9,CSE-POWER-02,Backup System,Critical,Backup System 976,Core Ops,High,17356,Active,Infrastructure,Production,15824.086442583986,2026-03-31 08:00:00
AST-DCB477DA,CSE-HEALTH-01,Core Application,Low,Core Application 977,Core Ops,Standard,1362,Active,Infrastructure,Corporate,1290.844306395146,2026-03-31 08:00:00
AST-D8A7C70A,CSE-TELECOM-02,DNS Server,Medium,DNS Server 978,Core Ops,Standard,171,Active,Infrastructure,Corporate,147.71253303748819,2026-03-31 08:00:00
AST-F345B04F,CSE-BANK-02,DNS Server,High,DNS Server 979,Core Ops,High,7187,Active,Infrastructure,Corporate,8295.406288419972,2026-03-31 08:00:00
AST-7298485E,CSE-POWER-02,Critical Database,Medium,Critical Database 980,Core Ops,Standard,754,Active,Infrastructure,Staging,606.2191398246356,2026-03-31 08:00:00
AST-F3D68387,CSE-INFRA-01,Network Gateway,High,Network Gateway 981,Core Ops,High,7330,Active,Infrastructure,Production,8451.223734653187,2026-03-31 08:00:00
AST-C0DAF7E4,CSE-FIN-03,Endpoint Cluster,High,Endpoint Cluster 982,Core Ops,High,15551,Active,Infrastructure,Corporate,15996.871294886714,2026-03-31 08:00:00
AST-C605835F,CSE-POWER-02,Critical Database,Low,Critical Database 983,Core Ops,Standard,1918,Active,Infrastructure,Staging,1788.847898052608,2026-03-31 08:00:00
AST-AA51EE86,CSE-TELECOM-02,VPN Gateway,Medium,VPN Gateway 984,Core Ops,Standard,368,Active,Infrastructure,Corporate,400.83400886776053,2026-03-31 08:00:00
AST-190F48FF,CSE-TELECOM-02,Identity Server,Low,Identity Server 985,Core Ops,Standard,1876,Active,Infrastructure,Staging,1881.8172147577434,2026-03-31 08:00:00
AST-DBA13051,CSE-BANK-01,DNS Server,Critical,DNS Server 986,Core Ops,High,13468,Active,Infrastructure,Corporate,13463.198162957298,2026-03-31 08:00:00
AST-9CCEF9E2,CSE-HEALTH-01,Email Server,Medium,Email Server 987,Core Ops,Standard,1368,Active,Infrastructure,Production,1154.6698572132584,2026-03-31 08:00:00
AST-DB67146E,CSE-TELECOM-02,Backup System,High,Backup System 988,Core Ops,High,16582,Active,Infrastructure,Production,15849.181896890706,2026-03-31 08:00:00
AST-7405AE3E,CSE-POWER-01,Industrial Control System,High,Industrial Control System 989,Core Ops,High,15105,Active,Infrastructure,Corporate,13540.510777666403,2026-03-31 08:00:00
AST-15F3D333,CSE-GOV-01,Domain Controller,Low,Domain Controller 990,Core Ops,Standard,1183,Active,Infrastructure,Staging,953.8273025281596,2026-03-31 08:00:00
AST-795D41D1,CSE-BANK-02,Identity Server,Critical,Identity Server 991,Core Ops,High,8927,Active,Infrastructure,Corporate,8427.443761596769,2026-03-31 08:00:00
AST-4DA53F70,CSE-FIN-03,Domain Controller,Low,Domain Controller 992,Core Ops,Standard,1832,Active,Infrastructure,Staging,1531.421656443083,2026-03-31 08:00:00
AST-F738453E,CSE-HEALTH-01,Endpoint Cluster,Medium,Endpoint Cluster 993,Core Ops,Standard,1081,Active,Infrastructure,Corporate,975.85330831237,2026-03-31 08:00:00
AST-EC8BF0ED,CSE-ENERGY-01,Endpoint Cluster,High,Endpoint Cluster 994,Core Ops,High,18622,Active,Infrastructure,Staging,15586.737807868634,2026-03-31 08:00:00
AST-0969F3BC,CSE-POWER-01,VPN Gateway,Medium,VPN Gateway 995,Core Ops,Standard,1940,Active,Infrastructure,Production,1630.3307014317656,2026-03-31 08:00:00
AST-0628113A,CSE-INFRA-01,Domain Controller,Medium,Domain Controller 996,Core Ops,Standard,506,Active,Infrastructure,Corporate,445.07988598963414,2026-03-31 08:00:00
AST-D4E1F617,CSE-TELECOM-01,Endpoint Cluster,High,Endpoint Cluster 997,Core Ops,High,13758,Active,Infrastructure,Production,16508.770362257557,2026-03-31 08:00:00
AST-9A1ED9B3,CSE-TELECOM-02,Industrial Control System,Low,Industrial Control System 998,Core Ops,Standard,125,Active,Infrastructure,Production,100.10920714286245,2026-03-31 08:00:00
AST-37F6D0E1,CSE-ENERGY-01,Payment System,Medium,Payment System 999,Core Ops,Standard,1938,Active,Infrastructure,Corporate,2045.499027520538,2026-03-31 08:00:00
AST-E79DEC00,CSE-TELECOM-02,Critical Database,High,Critical Database 1000,Core Ops,High,17909,Active,Infrastructure,Corporate,15339.013355183048,2026-03-31 08:00:00
AST-48840AB5,CSE-POWER-02,API Gateway,Medium,API Gateway 1001,Core Ops,Standard,1085,Active,Infrastructure,Staging,1267.5526113324765,2026-03-31 08:00:00
AST-D2E3B982,CSE-POWER-01,SCADA Gateway,Low,SCADA Gateway 1002,Core Ops,Standard,1655,Active,Infrastructure,Staging,1385.9849753868625,2026-03-31 08:00:00
AST-59FABB31,CSE-POWER-02,Domain Controller,High,Domain Controller 1003,Core Ops,High,17601,Active,Infrastructure,Production,20804.826862643557,2026-03-31 08:00:00
AST-840A252D,CSE-BANK-01,Email Server,Low,Email Server 1004,Core Ops,Standard,809,Active,Infrastructure,Staging,844.8957789896533,2026-03-31 08:00:00
AST-2FD5C407,CSE-POWER-02,Identity Server,High,Identity Server 1005,Core Ops,High,16087,Active,Infrastructure,Staging,12877.759821335798,2026-03-31 08:00:00
AST-B8FA8CE2,CSE-BANK-01,Payment System,Medium,Payment System 1006,Core Ops,Standard,1571,Active,Infrastructure,Corporate,1818.5941231709207,2026-03-31 08:00:00
AST-E31811C7,CSE-INFRA-01,Domain Controller,Medium,Domain Controller 1007,Core Ops,Standard,853,Active,Infrastructure,Staging,860.4080666263925,2026-03-31 08:00:00
AST-74A21EA5,CSE-BANK-01,Payment System,Critical,Payment System 1008,Core Ops,High,14428,Active,Infrastructure,Production,13058.319576539292,2026-03-31 08:00:00
AST-81FCC90F,CSE-ENERGY-01,DNS Server,Critical,DNS Server 1009,Core Ops,High,11972,Active,Infrastructure,Staging,13251.94652528685,2026-03-31 08:00:00
AST-6EB109DB,CSE-TELECOM-02,Payment System,Medium,Payment System 1010,Core Ops,Standard,884,Active,Infrastructure,Production,1034.8689398543972,2026-03-31 08:00:00
AST-B46E5C56,CSE-TELECOM-01,Domain Controller,Critical,Domain Controller 1011,Core Ops,High,6029,Active,Infrastructure,Corporate,5989.668789100808,2026-03-31 08:00:00
AST-61E9105A,CSE-FIN-03,Core Application,Medium,Core Application 1012,Core Ops,Standard,625,Active,Infrastructure,Production,578.8883686107777,2026-03-31 08:00:00
AST-3549F7A8,CSE-POWER-02,Network Gateway,High,Network Gateway 1013,Core Ops,High,7594,Active,Infrastructure,Staging,8471.699708464734,2026-03-31 08:00:00
AST-FA83E7A3,CSE-FIN-03,Email Server,Low,Email Server 1014,Core Ops,Standard,112,Active,Infrastructure,Corporate,120.14399030092278,2026-03-31 08:00:00
AST-0BE6C2D5,CSE-POWER-01,API Gateway,Medium,API Gateway 1015,Core Ops,Standard,1002,Active,Infrastructure,Staging,1157.811995487109,2026-03-31 08:00:00
AST-220D9B8E,CSE-BANK-01,API Gateway,Low,API Gateway 1016,Core Ops,Standard,483,Active,Infrastructure,Corporate,520.1937072654625,2026-03-31 08:00:00
AST-BBE84618,CSE-TELECOM-02,Email Server,High,Email Server 1017,Core Ops,High,15869,Active,Infrastructure,Corporate,14241.020483998696,2026-03-31 08:00:00
AST-8637272B,CSE-BANK-02,Core Application,Medium,Core Application 1018,Core Ops,Standard,986,Active,Infrastructure,Staging,1156.246408104957,2026-03-31 08:00:00
AST-C0346BEB,CSE-HEALTH-01,Backup System,Medium,Backup System 1019,Core Ops,Standard,1522,Active,Infrastructure,Staging,1281.4240028990075,2026-03-31 08:00:00
AST-4CFBA241,CSE-ENERGY-01,Endpoint Cluster,Critical,Endpoint Cluster 1020,Core Ops,High,15704,Active,Infrastructure,Corporate,14246.309179071177,2026-03-31 08:00:00
AST-D2711674,CSE-TELECOM-01,API Gateway,Critical,API Gateway 1021,Core Ops,High,11219,Active,Infrastructure,Corporate,11309.62532162171,2026-03-31 08:00:00
AST-7B71B788,CSE-TRANSPORT-01,Backup System,High,Backup System 1022,Core Ops,High,19806,Active,Infrastructure,Staging,20326.83462734411,2026-03-31 08:00:00
AST-5FD6CD3F,CSE-ENERGY-01,Payment System,Medium,Payment System 1023,Core Ops,Standard,850,Active,Infrastructure,Production,685.2055994531479,2026-03-31 08:00:00
AST-C7503AA7,CSE-INFRA-01,Industrial Control System,Medium,Industrial Control System 1024,Core Ops,Standard,1103,Active,Infrastructure,Staging,1226.7886866321987,2026-03-31 08:00:00
AST-46D02312,CSE-BANK-02,Identity Server,High,Identity Server 1025,Core Ops,High,11968,Active,Infrastructure,Corporate,11305.486554766025,2026-03-31 08:00:00
AST-287F5E66,CSE-HEALTH-01,DNS Server,Medium,DNS Server 1026,Core Ops,Standard,1460,Active,Infrastructure,Staging,1405.3484279452484,2026-03-31 08:00:00
AST-62640A64,CSE-BANK-02,Critical Database,Critical,Critical Database 1027,Core Ops,High,7773,Active,Infrastructure,Production,8734.891787563352,2026-03-31 08:00:00
AST-D792AAD8,CSE-POWER-02,API Gateway,High,API Gateway 1028,Core Ops,High,15696,Active,Infrastructure,Staging,14938.092846622216,2026-03-31 08:00:00
AST-A15B1F68,CSE-BANK-01,Email Server,Low,Email Server 1029,Core Ops,Standard,1798,Active,Infrastructure,Corporate,1472.3641311750278,2026-03-31 08:00:00
AST-1AF26855,CSE-TELECOM-01,Industrial Control System,Low,Industrial Control System 1030,Core Ops,Standard,221,Active,Infrastructure,Staging,192.39727570957896,2026-03-31 08:00:00
AST-2F7BF98F,CSE-GOV-01,Domain Controller,Medium,Domain Controller 1031,Core Ops,Standard,531,Active,Infrastructure,Corporate,627.8338338152499,2026-03-31 08:00:00
AST-E9B1B8FF,CSE-BANK-01,VPN Gateway,High,VPN Gateway 1032,Core Ops,High,16862,Active,Infrastructure,Corporate,13964.470088332479,2026-03-31 08:00:00
AST-9612E301,CSE-GOV-01,Network Gateway,Medium,Network Gateway 1033,Core Ops,Standard,1995,Active,Infrastructure,Staging,1879.2350983724768,2026-03-31 08:00:00
AST-9F53B216,CSE-FIN-03,Email Server,Critical,Email Server 1034,Core Ops,High,11815,Active,Infrastructure,Corporate,11830.024743484655,2026-03-31 08:00:00
AST-403DFEF3,CSE-HEALTH-01,Endpoint Cluster,Critical,Endpoint Cluster 1035,Core Ops,High,16821,Active,Infrastructure,Corporate,16775.790718664768,2026-03-31 08:00:00
AST-7D485D99,CSE-TELECOM-02,VPN Gateway,Critical,VPN Gateway 1036,Core Ops,High,17782,Active,Infrastructure,Production,14253.76628265677,2026-03-31 08:00:00
AST-A575E3FE,CSE-TRANSPORT-01,VPN Gateway,Medium,VPN Gateway 1037,Core Ops,Standard,1450,Active,Infrastructure,Production,1450.6743842453443,2026-03-31 08:00:00
AST-C7E17BC9,CSE-POWER-01,Payment System,Medium,Payment System 1038,Core Ops,Standard,462,Active,Infrastructure,Production,440.5211502342252,2026-03-31 08:00:00
AST-58050A37,CSE-BANK-01,Network Gateway,Critical,Network Gateway 1039,Core Ops,High,10164,Active,Infrastructure,Production,12083.285746305357,2026-03-31 08:00:00
AST-94E2867A,CSE-TELECOM-01,Identity Server,Medium,Identity Server 1040,Core Ops,Standard,1188,Active,Infrastructure,Corporate,1026.032396713868,2026-03-31 08:00:00
AST-58A51987,CSE-INFRA-01,Identity Server,Low,Identity Server 1041,Core Ops,Standard,454,Active,Infrastructure,Staging,427.5144021315243,2026-03-31 08:00:00
AST-E396DC03,CSE-INFRA-01,Core Application,Critical,Core Application 1042,Core Ops,High,8687,Active,Infrastructure,Corporate,8407.214264390106,2026-03-31 08:00:00
AST-A4CD57C7,CSE-BANK-02,Backup System,Medium,Backup System 1043,Core Ops,Standard,1287,Active,Infrastructure,Corporate,1230.7290328995684,2026-03-31 08:00:00
AST-17517779,CSE-TELECOM-01,SCADA Gateway,Low,SCADA Gateway 1044,Core Ops,Standard,1264,Active,Infrastructure,Corporate,1347.8440664607817,2026-03-31 08:00:00
AST-2A4A0166,CSE-HEALTH-01,VPN Gateway,Critical,VPN Gateway 1045,Core Ops,High,13676,Active,Infrastructure,Staging,12119.741535929315,2026-03-31 08:00:00
AST-32D6974C,CSE-FIN-03,Core Application,Critical,Core Application 1046,Core Ops,High,13837,Active,Infrastructure,Production,12293.186830514882,2026-03-31 08:00:00
AST-0565C3D1,CSE-GOV-01,Endpoint Cluster,Medium,Endpoint Cluster 1047,Core Ops,Standard,497,Active,Infrastructure,Corporate,542.5671365619696,2026-03-31 08:00:00
AST-BBD26DD0,CSE-BANK-02,Backup System,Medium,Backup System 1048,Core Ops,Standard,979,Active,Infrastructure,Corporate,979.1137671143753,2026-03-31 08:00:00
AST-50CB2803,CSE-INFRA-01,DNS Server,Low,DNS Server 1049,Core Ops,Standard,562,Active,Infrastructure,Production,542.9269959776834,2026-03-31 08:00:00
AST-51CA1DFD,CSE-POWER-01,VPN Gateway,Critical,VPN Gateway 1050,Core Ops,High,9757,Active,Infrastructure,Corporate,8465.96567008598,2026-03-31 08:00:00
AST-23658407,CSE-POWER-01,Industrial Control System,Low,Industrial Control System 1051,Core Ops,Standard,1959,Active,Infrastructure,Staging,1714.1463318739738,2026-03-31 08:00:00
AST-7BF00AF0,CSE-BANK-01,Network Gateway,High,Network Gateway 1052,Core Ops,High,9384,Active,Infrastructure,Corporate,7546.806623952165,2026-03-31 08:00:00
AST-6501D6D6,CSE-HEALTH-01,SCADA Gateway,High,SCADA Gateway 1053,Core Ops,High,13912,Active,Infrastructure,Corporate,11638.368900961641,2026-03-31 08:00:00
AST-87949EF3,CSE-TELECOM-02,Domain Controller,Medium,Domain Controller 1054,Core Ops,Standard,1843,Active,Infrastructure,Production,1884.9014857256457,2026-03-31 08:00:00
AST-873CC4AD,CSE-INFRA-01,Payment System,High,Payment System 1055,Core Ops,High,19570,Active,Infrastructure,Corporate,41.0,2025-12-25 00:00:00
AST-BB25A89B,CSE-HEALTH-01,Network Gateway,High,Network Gateway 1056,Core Ops,High,19751,Active,Infrastructure,Corporate,18069.516510437457,2026-03-31 08:00:00
AST-867482F3,CSE-FIN-03,Core Application,Critical,Core Application 1057,Core Ops,High,12081,Active,Infrastructure,Staging,11248.60569442045,2026-03-31 08:00:00
AST-1E3C9313,CSE-GOV-01,Critical Database,High,Critical Database 1058,Core Ops,High,13690,Active,Infrastructure,Production,11585.05632370864,2026-03-31 08:00:00
AST-BF649D51,CSE-TELECOM-01,Cloud Workload,High,Cloud Workload 1059,Core Ops,High,12117,Active,Infrastructure,Production,11577.216467168506,2026-03-31 08:00:00
AST-053F52F3,CSE-INFRA-01,SCADA Gateway,Low,SCADA Gateway 1060,Core Ops,Standard,1407,Active,Infrastructure,Staging,1146.5483753316184,2026-03-31 08:00:00
AST-0EE17136,CSE-POWER-01,SCADA Gateway,High,SCADA Gateway 1061,Core Ops,High,6673,Active,Infrastructure,Corporate,7787.659778462264,2026-03-31 08:00:00
AST-50F2A9CE,CSE-TELECOM-01,Endpoint Cluster,Medium,Endpoint Cluster 1062,Core Ops,Standard,336,Active,Infrastructure,Production,359.2661651879366,2026-03-31 08:00:00
AST-4A9A649D,CSE-TELECOM-01,Payment System,Medium,Payment System 1063,Core Ops,Standard,1317,Active,Infrastructure,Production,1575.5264727883477,2026-03-31 08:00:00
AST-540F343D,CSE-TELECOM-01,API Gateway,Low,API Gateway 1064,Core Ops,Standard,1410,Active,Infrastructure,Corporate,1625.9122637506705,2026-03-31 08:00:00
AST-6B4747A1,CSE-POWER-01,Identity Server,High,Identity Server 1065,Core Ops,High,16171,Active,Infrastructure,Corporate,15996.292356277132,2026-03-31 08:00:00
AST-491F8C8E,CSE-FIN-03,Identity Server,Low,Identity Server 1066,Core Ops,Standard,857,Active,Infrastructure,Production,863.7480286783493,2026-03-31 08:00:00
AST-77C4C06C,CSE-ENERGY-01,DNS Server,Medium,DNS Server 1067,Core Ops,Standard,235,Active,Infrastructure,Corporate,205.91414837261624,2026-03-31 08:00:00
AST-8A00A16F,CSE-POWER-02,Critical Database,Medium,Critical Database 1068,Core Ops,Standard,891,Active,Infrastructure,Production,877.4708217880176,2026-03-31 08:00:00
AST-3127F74B,CSE-GOV-01,Industrial Control System,Medium,Industrial Control System 1069,Core Ops,Standard,1906,Active,Infrastructure,Corporate,2213.26845075092,2026-03-31 08:00:00
AST-EAFE3E51,CSE-ENERGY-01,Endpoint Cluster,Low,Endpoint Cluster 1070,Core Ops,Standard,270,Active,Infrastructure,Corporate,221.49216975266867,2026-03-31 08:00:00
AST-5BFBDA98,CSE-GOV-01,Industrial Control System,Critical,Industrial Control System 1071,Core Ops,High,15445,Active,Infrastructure,Staging,17691.053928923557,2026-03-31 08:00:00
AST-4C47E078,CSE-BANK-02,Domain Controller,Medium,Domain Controller 1072,Core Ops,Standard,300,Active,Infrastructure,Corporate,280.91373619711317,2026-03-31 08:00:00
AST-449F489C,CSE-HEALTH-01,Backup System,Medium,Backup System 1073,Core Ops,Standard,1610,Active,Infrastructure,Staging,1867.2862207220235,2026-03-31 08:00:00
AST-F4E4A107,CSE-HEALTH-01,Network Gateway,Medium,Network Gateway 1074,Core Ops,Standard,1680,Active,Infrastructure,Corporate,1976.2712970614778,2026-03-31 08:00:00
AST-9BBAC182,CSE-TRANSPORT-01,DNS Server,Low,DNS Server 1075,Core Ops,Standard,1061,Active,Infrastructure,Production,1133.5150580436089,2026-03-31 08:00:00
AST-9CD2102B,CSE-HEALTH-01,DNS Server,High,DNS Server 1076,Core Ops,High,17174,Active,Infrastructure,Production,18303.52564437706,2026-03-31 08:00:00
AST-28CFCB16,CSE-POWER-01,Cloud Workload,Low,Cloud Workload 1077,Core Ops,Standard,682,Active,Infrastructure,Corporate,669.1113833269443,2026-03-31 08:00:00
AST-FFC7601C,CSE-TELECOM-02,Email Server,High,Email Server 1078,Core Ops,High,9507,Active,Infrastructure,Corporate,10782.99236589481,2026-03-31 08:00:00
AST-8C62912F,CSE-BANK-01,API Gateway,High,API Gateway 1079,Core Ops,High,10783,Active,Infrastructure,Production,12774.028149674436,2026-03-31 08:00:00
AST-37198110,CSE-TRANSPORT-01,Core Application,High,Core Application 1080,Core Ops,High,12751,Active,Infrastructure,Corporate,14154.027214449643,2026-03-31 08:00:00
AST-C74910ED,CSE-BANK-01,VPN Gateway,Critical,VPN Gateway 1081,Core Ops,High,15602,Active,Infrastructure,Staging,16362.982768028869,2026-03-31 08:00:00
AST-B3448D47,CSE-GOV-01,Email Server,Medium,Email Server 1082,Core Ops,Standard,1101,Active,Infrastructure,Staging,1148.0315913197167,2026-03-31 08:00:00
AST-5C84B3BC,CSE-BANK-01,Backup System,High,Backup System 1083,Core Ops,High,13328,Active,Infrastructure,Staging,15191.09393932282,2026-03-31 08:00:00
AST-C39AE9C4,CSE-BANK-01,Email Server,High,Email Server 1084,Core Ops,High,8360,Active,Infrastructure,Staging,8497.78539273922,2026-03-31 08:00:00
AST-9734090F,CSE-TRANSPORT-01,Endpoint Cluster,Low,Endpoint Cluster 1085,Core Ops,Standard,1075,Active,Infrastructure,Staging,1205.6597510869938,2026-03-31 08:00:00
AST-7149CB80,CSE-BANK-02,VPN Gateway,Low,VPN Gateway 1086,Core Ops,Standard,897,Active,Infrastructure,Corporate,900.1880295565194,2026-03-31 08:00:00
AST-07AD3117,CSE-TELECOM-01,SCADA Gateway,Low,SCADA Gateway 1087,Core Ops,Standard,1581,Active,Infrastructure,Corporate,1304.2897594935096,2026-03-31 08:00:00
AST-7E768C00,CSE-HEALTH-01,Critical Database,Low,Critical Database 1088,Core Ops,Standard,1353,Active,Infrastructure,Staging,1290.1921212189288,2026-03-31 08:00:00
AST-15067839,CSE-HEALTH-01,Identity Server,Medium,Identity Server 1089,Core Ops,Standard,757,Active,Infrastructure,Corporate,740.1767219829298,2026-03-31 08:00:00
AST-BEE3FBE8,CSE-POWER-01,Domain Controller,High,Domain Controller 1090,Core Ops,High,19247,Active,Infrastructure,Corporate,16487.88284570297,2026-03-31 08:00:00
AST-8CFA019A,CSE-TRANSPORT-01,Industrial Control System,Critical,Industrial Control System 1091,Core Ops,High,11318,Active,Infrastructure,Staging,9518.421381505404,2026-03-31 08:00:00
AST-DE7ADFF5,CSE-POWER-01,Cloud Workload,Medium,Cloud Workload 1092,Core Ops,Standard,832,Active,Infrastructure,Corporate,843.8027352458344,2026-03-31 08:00:00
AST-51CBC30E,CSE-TELECOM-02,Endpoint Cluster,High,Endpoint Cluster 1093,Core Ops,High,13640,Active,Infrastructure,Corporate,11376.543681049985,2026-03-31 08:00:00
AST-36FB702C,CSE-TELECOM-02,Critical Database,Medium,Critical Database 1094,Core Ops,Standard,671,Active,Infrastructure,Corporate,618.1104830616986,2026-03-31 08:00:00
AST-5B7AE494,CSE-POWER-01,SCADA Gateway,High,SCADA Gateway 1095,Core Ops,High,14137,Active,Infrastructure,Staging,15520.146979676003,2026-03-31 08:00:00
AST-894FABB2,CSE-TRANSPORT-01,Core Application,Critical,Core Application 1096,Core Ops,High,18665,Active,Infrastructure,Corporate,22132.450652654545,2026-03-31 08:00:00
AST-7F2FB799,CSE-POWER-01,Domain Controller,Medium,Domain Controller 1097,Core Ops,Standard,1505,Active,Infrastructure,Production,1636.158089492261,2026-03-31 08:00:00
AST-C2E93E28,CSE-HEALTH-01,Endpoint Cluster,Medium,Endpoint Cluster 1098,Core Ops,Standard,272,Active,Infrastructure,Production,325.59765967167226,2026-03-31 08:00:00
AST-C76AE7A2,CSE-ENERGY-01,SCADA Gateway,Medium,SCADA Gateway 1099,Core Ops,Standard,762,Active,Infrastructure,Staging,822.4534136459619,2026-03-31 08:00:00
AST-02AE18B7,CSE-POWER-02,Cloud Workload,Medium,Cloud Workload 1100,Core Ops,Standard,552,Active,Infrastructure,Production,506.4698191204755,2026-03-31 08:00:00
AST-C606FC24,CSE-BANK-01,Identity Server,High,Identity Server 1101,Core Ops,High,16169,Active,Infrastructure,Staging,17281.76701097248,2026-03-31 08:00:00
AST-7E945906,CSE-POWER-02,DNS Server,High,DNS Server 1102,Core Ops,High,9188,Active,Infrastructure,Production,9930.966543451661,2026-03-31 08:00:00
AST-754B259B,CSE-TRANSPORT-01,Identity Server,Low,Identity Server 1103,Core Ops,Standard,593,Active,Infrastructure,Production,562.5736407510245,2026-03-31 08:00:00
AST-3334D6A9,CSE-FIN-03,Endpoint Cluster,Medium,Endpoint Cluster 1104,Core Ops,Standard,719,Active,Infrastructure,Production,580.2945034352604,2026-03-31 08:00:00
AST-897F4879,CSE-POWER-02,Identity Server,High,Identity Server 1105,Core Ops,High,5204,Active,Infrastructure,Staging,5626.980671988654,2026-03-31 08:00:00
AST-87EEB616,CSE-TELECOM-02,Critical Database,Low,Critical Database 1106,Core Ops,Standard,1216,Active,Infrastructure,Staging,983.3549263420235,2026-03-31 08:00:00
AST-41A3658F,CSE-GOV-01,Critical Database,High,Critical Database 1107,Core Ops,High,10552,Active,Infrastructure,Corporate,11105.718639875948,2026-03-31 08:00:00
AST-4EB56826,CSE-BANK-01,Industrial Control System,Critical,Industrial Control System 1108,Core Ops,High,17532,Active,Infrastructure,Staging,15173.009712253792,2026-03-31 08:00:00
AST-279F3B85,CSE-TELECOM-01,Endpoint Cluster,High,Endpoint Cluster 1109,Core Ops,High,9927,Active,Infrastructure,Production,30.0,2025-12-10 00:00:00
AST-0D5D8560,CSE-FIN-03,Industrial Control System,Medium,Industrial Control System 1110,Core Ops,Standard,1741,Active,Infrastructure,Production,1743.72503087505,2026-03-31 08:00:00
AST-6913C766,CSE-TRANSPORT-01,Endpoint Cluster,Medium,Endpoint Cluster 1111,Core Ops,Standard,1269,Active,Infrastructure,Staging,1022.0595248346184,2026-03-31 08:00:00
AST-C9D0A455,CSE-BANK-01,DNS Server,High,DNS Server 1112,Core Ops,High,9390,Active,Infrastructure,Staging,8874.924008633609,2026-03-31 08:00:00
AST-6EC1E1EF,CSE-POWER-02,DNS Server,Low,DNS Server 1113,Core Ops,Standard,1547,Active,Infrastructure,Staging,1609.5552143848322,2026-03-31 08:00:00
AST-968AC3BC,CSE-TELECOM-02,Core Application,Critical,Core Application 1114,Core Ops,High,9951,Active,Infrastructure,Corporate,11338.593519177903,2026-03-31 08:00:00
AST-D87233EE,CSE-BANK-02,Endpoint Cluster,High,Endpoint Cluster 1115,Core Ops,High,11160,Active,Infrastructure,Production,12894.898396166212,2026-03-31 08:00:00
AST-1C6D1460,CSE-ENERGY-01,Cloud Workload,High,Cloud Workload 1116,Core Ops,High,17358,Active,Infrastructure,Corporate,17245.867111934676,2026-03-31 08:00:00
AST-BE2BB960,CSE-TELECOM-01,Backup System,High,Backup System 1117,Core Ops,High,10388,Active,Infrastructure,Corporate,11337.141119226624,2026-03-31 08:00:00
AST-3553B661,CSE-FIN-03,Domain Controller,High,Domain Controller 1118,Core Ops,High,14540,Active,Infrastructure,Production,13472.499817118589,2026-03-31 08:00:00
AST-0EE3A8D5,CSE-ENERGY-01,Payment System,Medium,Payment System 1119,Core Ops,Standard,1129,Active,Infrastructure,Production,1057.7313808406097,2026-03-31 08:00:00
AST-BDD03043,CSE-BANK-01,VPN Gateway,Low,VPN Gateway 1120,Core Ops,Standard,723,Active,Infrastructure,Staging,634.6388497475252,2026-03-31 08:00:00
AST-19F8FBF8,CSE-TELECOM-02,Payment System,Medium,Payment System 1121,Core Ops,Standard,475,Active,Infrastructure,Staging,486.7701408987155,2026-03-31 08:00:00
AST-32F27C07,CSE-TELECOM-02,SCADA Gateway,High,SCADA Gateway 1122,Core Ops,High,5816,Active,Infrastructure,Corporate,5384.602040717422,2026-03-31 08:00:00
AST-B26D9C06,CSE-POWER-02,DNS Server,High,DNS Server 1123,Core Ops,High,18414,Active,Infrastructure,Staging,39.0,2025-12-15 00:00:00
AST-24ABCFC6,CSE-HEALTH-01,Identity Server,High,Identity Server 1124,Core Ops,High,14012,Active,Infrastructure,Staging,15048.922114529783,2026-03-31 08:00:00
AST-E7B06070,CSE-POWER-02,Domain Controller,Critical,Domain Controller 1125,Core Ops,High,5192,Active,Infrastructure,Production,5623.461861554891,2026-03-31 08:00:00
AST-58D11A09,CSE-HEALTH-01,Email Server,Medium,Email Server 1126,Core Ops,Standard,910,Active,Infrastructure,Production,859.037240435577,2026-03-31 08:00:00
AST-5BE93A9A,CSE-HEALTH-01,Backup System,High,Backup System 1127,Core Ops,High,8645,Active,Infrastructure,Staging,7181.309515318928,2026-03-31 08:00:00
AST-A4E0727C,CSE-TELECOM-01,Critical Database,Medium,Critical Database 1128,Core Ops,Standard,1219,Active,Infrastructure,Production,1183.0627670059105,2026-03-31 08:00:00
AST-2229B526,CSE-POWER-02,Network Gateway,Low,Network Gateway 1129,Core Ops,Standard,1511,Active,Infrastructure,Staging,1476.1475508455503,2026-03-31 08:00:00
AST-E68D436C,CSE-INFRA-01,API Gateway,Critical,API Gateway 1130,Core Ops,High,13442,Active,Infrastructure,Production,14348.909613918991,2026-03-31 08:00:00
AST-F4AF1BD8,CSE-BANK-02,Core Application,Low,Core Application 1131,Core Ops,Standard,1575,Active,Infrastructure,Production,1458.7123264929705,2026-03-31 08:00:00
AST-F032394A,CSE-FIN-03,Identity Server,Medium,Identity Server 1132,Core Ops,Standard,948,Active,Infrastructure,Production,1017.241646893071,2026-03-31 08:00:00
AST-6D8772F3,CSE-POWER-01,Identity Server,Medium,Identity Server 1133,Core Ops,Standard,908,Active,Infrastructure,Production,1042.9246383662835,2026-03-31 08:00:00
AST-E0860590,CSE-POWER-01,Cloud Workload,Medium,Cloud Workload 1134,Core Ops,Standard,1078,Active,Infrastructure,Staging,964.8039814665806,2026-03-31 08:00:00
AST-9251B4FD,CSE-POWER-02,Identity Server,Critical,Identity Server 1135,Core Ops,High,19314,Active,Infrastructure,Corporate,23013.9409227599,2026-03-31 08:00:00
AST-20B2A29E,CSE-POWER-02,Critical Database,High,Critical Database 1136,Core Ops,High,15655,Active,Infrastructure,Production,14943.437274750686,2026-03-31 08:00:00
AST-B0598629,CSE-ENERGY-01,Critical Database,Critical,Critical Database 1137,Core Ops,High,18691,Active,Infrastructure,Staging,16950.932833633495,2026-03-31 08:00:00
AST-DEAA26B0,CSE-FIN-03,API Gateway,High,API Gateway 1138,Core Ops,High,14359,Active,Infrastructure,Staging,13908.191627866105,2026-03-31 08:00:00
AST-E5819671,CSE-FIN-03,VPN Gateway,Medium,VPN Gateway 1139,Core Ops,Standard,1414,Active,Infrastructure,Production,1184.5912123712228,2026-03-31 08:00:00
AST-770CCC31,CSE-TELECOM-01,Endpoint Cluster,High,Endpoint Cluster 1140,Core Ops,High,8893,Active,Infrastructure,Corporate,7561.561050644898,2026-03-31 08:00:00
AST-BD5CE450,CSE-POWER-02,Email Server,Low,Email Server 1141,Core Ops,Standard,1316,Active,Infrastructure,Production,1270.9580823241297,2026-03-31 08:00:00
AST-8F6CCBF0,CSE-FIN-03,Domain Controller,Medium,Domain Controller 1142,Core Ops,Standard,249,Active,Infrastructure,Staging,275.1394743851344,2026-03-31 08:00:00
AST-E4647753,CSE-ENERGY-01,Identity Server,Critical,Identity Server 1143,Core Ops,High,7679,Active,Infrastructure,Corporate,8908.599075077005,2026-03-31 08:00:00
AST-3E8FA2F9,CSE-HEALTH-01,Payment System,High,Payment System 1144,Core Ops,High,15039,Active,Infrastructure,Staging,16030.479104952798,2026-03-31 08:00:00
AST-C9B64F1C,CSE-TELECOM-02,Industrial Control System,Low,Industrial Control System 1145,Core Ops,Standard,1072,Active,Infrastructure,Production,902.7181452861272,2026-03-31 08:00:00
AST-29141055,CSE-TELECOM-02,Cloud Workload,Low,Cloud Workload 1146,Core Ops,Standard,862,Active,Infrastructure,Corporate,921.3124139998486,2026-03-31 08:00:00
AST-F3EA88C9,CSE-HEALTH-01,Cloud Workload,Medium,Cloud Workload 1147,Core Ops,Standard,1101,Active,Infrastructure,Staging,1160.6424562775887,2026-03-31 08:00:00
AST-F9062BB6,CSE-TRANSPORT-01,VPN Gateway,High,VPN Gateway 1148,Core Ops,High,14813,Active,Infrastructure,Staging,16624.712368671648,2026-03-31 08:00:00
AST-E3EAE5E6,CSE-ENERGY-01,Payment System,Critical,Payment System 1149,Core Ops,High,19671,Active,Infrastructure,Staging,22230.18660868602,2026-03-31 08:00:00
AST-E3A503CC,CSE-FIN-03,SCADA Gateway,High,SCADA Gateway 1150,Core Ops,High,15664,Active,Infrastructure,Production,17971.01319160077,2026-03-31 08:00:00
AST-8ADB54FA,CSE-INFRA-01,Payment System,High,Payment System 1151,Core Ops,High,15738,Active,Infrastructure,Corporate,15197.440710578341,2026-03-31 08:00:00
AST-599CCC30,CSE-ENERGY-01,Backup System,Medium,Backup System 1152,Core Ops,Standard,698,Active,Infrastructure,Production,753.2437391823187,2026-03-31 08:00:00
AST-4292361D,CSE-HEALTH-01,SCADA Gateway,Medium,SCADA Gateway 1153,Core Ops,Standard,1393,Active,Infrastructure,Production,1263.8690999915116,2026-03-31 08:00:00
AST-938856E2,CSE-BANK-02,Network Gateway,Medium,Network Gateway 1154,Core Ops,Standard,324,Active,Infrastructure,Production,388.71398188586215,2026-03-31 08:00:00
AST-23783F37,CSE-GOV-01,DNS Server,Low,DNS Server 1155,Core Ops,Standard,1653,Active,Infrastructure,Corporate,1438.33100039838,2026-03-31 08:00:00
AST-E42B5425,CSE-BANK-01,Industrial Control System,Medium,Industrial Control System 1156,Core Ops,Standard,212,Active,Infrastructure,Production,170.4577038048389,2026-03-31 08:00:00
AST-C87B09C0,CSE-HEALTH-01,DNS Server,Critical,DNS Server 1157,Core Ops,High,5717,Active,Infrastructure,Production,4913.895768360165,2026-03-31 08:00:00
AST-DF474FD0,CSE-INFRA-01,Cloud Workload,Critical,Cloud Workload 1158,Core Ops,High,16676,Active,Infrastructure,Production,18516.178520175145,2026-03-31 08:00:00
AST-267968D4,CSE-FIN-03,Payment System,Low,Payment System 1159,Core Ops,Standard,940,Active,Infrastructure,Production,919.9906623670876,2026-03-31 08:00:00
AST-9968639D,CSE-INFRA-01,Network Gateway,High,Network Gateway 1160,Core Ops,High,5658,Active,Infrastructure,Staging,5539.1825608445615,2026-03-31 08:00:00
AST-6BAD97C9,CSE-INFRA-01,Endpoint Cluster,Low,Endpoint Cluster 1161,Core Ops,Standard,813,Active,Infrastructure,Production,960.9734534577145,2026-03-31 08:00:00
AST-D1CD0875,CSE-POWER-02,Core Application,Low,Core Application 1162,Core Ops,Standard,1206,Active,Infrastructure,Staging,1408.431879632743,2026-03-31 08:00:00
AST-3EB8BF9A,CSE-POWER-02,Domain Controller,High,Domain Controller 1163,Core Ops,High,17716,Active,Infrastructure,Production,16378.05038997433,2026-03-31 08:00:00
AST-A8408274,CSE-TELECOM-01,Network Gateway,Medium,Network Gateway 1164,Core Ops,Standard,1298,Active,Infrastructure,Corporate,1146.9429804630256,2026-03-31 08:00:00
AST-B8767534,CSE-HEALTH-01,VPN Gateway,Low,VPN Gateway 1165,Core Ops,Standard,1192,Active,Infrastructure,Staging,1358.156317696407,2026-03-31 08:00:00
AST-D5ACB36B,CSE-TELECOM-01,Backup System,Medium,Backup System 1166,Core Ops,Standard,1170,Active,Infrastructure,Staging,1360.0169252487622,2026-03-31 08:00:00
AST-E2B2578D,CSE-HEALTH-01,Domain Controller,Low,Domain Controller 1167,Core Ops,Standard,983,Active,Infrastructure,Staging,999.355910044365,2026-03-31 08:00:00
AST-675572A6,CSE-ENERGY-01,Payment System,Low,Payment System 1168,Core Ops,Standard,1379,Active,Infrastructure,Staging,1450.3901190521926,2026-03-31 08:00:00
AST-27D64A33,CSE-BANK-01,Email Server,Critical,Email Server 1169,Core Ops,High,7104,Active,Infrastructure,Corporate,6413.247631381621,2026-03-31 08:00:00
AST-F9FFD117,CSE-INFRA-01,Endpoint Cluster,Critical,Endpoint Cluster 1170,Core Ops,High,14447,Active,Infrastructure,Production,16185.2785732903,2026-03-31 08:00:00
AST-51D2CE3C,CSE-ENERGY-01,Network Gateway,Low,Network Gateway 1171,Core Ops,Standard,380,Active,Infrastructure,Staging,400.0826091242515,2026-03-31 08:00:00
AST-1C36EE06,CSE-GOV-01,Industrial Control System,Medium,Industrial Control System 1172,Core Ops,Standard,1023,Active,Infrastructure,Corporate,1024.4377288231403,2026-03-31 08:00:00
AST-18A3E329,CSE-TELECOM-02,Payment System,High,Payment System 1173,Core Ops,High,13575,Active,Infrastructure,Staging,11186.38945950569,2026-03-31 08:00:00
AST-23839037,CSE-POWER-01,Identity Server,High,Identity Server 1174,Core Ops,High,7607,Active,Infrastructure,Production,8872.606903928938,2026-03-31 08:00:00
AST-E755D626,CSE-HEALTH-01,Critical Database,Medium,Critical Database 1175,Core Ops,Standard,467,Active,Infrastructure,Staging,488.566325327807,2026-03-31 08:00:00
AST-2D617370,CSE-GOV-01,Network Gateway,Low,Network Gateway 1176,Core Ops,Standard,594,Active,Infrastructure,Corporate,520.9834040990493,2026-03-31 08:00:00
AST-FCFAE788,CSE-TELECOM-02,Industrial Control System,Low,Industrial Control System 1177,Core Ops,Standard,1148,Active,Infrastructure,Production,1196.8525049186178,2026-03-31 08:00:00
AST-F7C9E742,CSE-FIN-03,Backup System,Medium,Backup System 1178,Core Ops,Standard,1709,Active,Infrastructure,Corporate,1830.3139489584457,2026-03-31 08:00:00
AST-31FDF2BE,CSE-TRANSPORT-01,Core Application,High,Core Application 1179,Core Ops,High,7565,Active,Infrastructure,Production,7642.981038803441,2026-03-31 08:00:00
AST-CAB62EB1,CSE-BANK-01,Identity Server,High,Identity Server 1180,Core Ops,High,7763,Active,Infrastructure,Production,8440.24951670104,2026-03-31 08:00:00
AST-C3068861,CSE-TELECOM-01,DNS Server,Low,DNS Server 1181,Core Ops,Standard,1116,Active,Infrastructure,Production,1152.3610423553378,2026-03-31 08:00:00
AST-FCB084BE,CSE-TELECOM-01,Core Application,High,Core Application 1182,Core Ops,High,11328,Active,Infrastructure,Staging,13356.93353010407,2026-03-31 08:00:00
AST-B7BCE1BC,CSE-ENERGY-01,DNS Server,High,DNS Server 1183,Core Ops,High,10991,Active,Infrastructure,Corporate,9028.873836353992,2026-03-31 08:00:00
AST-97326935,CSE-POWER-02,Payment System,High,Payment System 1184,Core Ops,High,15531,Active,Infrastructure,Corporate,13084.8408392963,2026-03-31 08:00:00
AST-5D7DD2CB,CSE-TELECOM-02,Critical Database,Medium,Critical Database 1185,Core Ops,Standard,474,Active,Infrastructure,Corporate,412.1281423665428,2026-03-31 08:00:00
AST-3E1C50A3,CSE-TRANSPORT-01,Network Gateway,Low,Network Gateway 1186,Core Ops,Standard,738,Active,Infrastructure,Production,794.1385000423987,2026-03-31 08:00:00
AST-2900A8A1,CSE-GOV-01,Network Gateway,High,Network Gateway 1187,Core Ops,High,19451,Active,Infrastructure,Staging,20583.79412834261,2026-03-31 08:00:00
AST-277D1486,CSE-BANK-01,Email Server,Critical,Email Server 1188,Core Ops,High,16064,Active,Infrastructure,Production,18583.21341216341,2026-03-31 08:00:00
AST-C85D4D3C,CSE-TELECOM-02,Cloud Workload,Medium,Cloud Workload 1189,Core Ops,Standard,1478,Active,Infrastructure,Corporate,1615.6771501449607,2026-03-31 08:00:00
AST-35D3F8AB,CSE-TRANSPORT-01,Email Server,Low,Email Server 1190,Core Ops,Standard,215,Active,Infrastructure,Staging,215.71857193055496,2026-03-31 08:00:00
AST-6046B587,CSE-POWER-01,VPN Gateway,High,VPN Gateway 1191,Core Ops,High,9177,Active,Infrastructure,Staging,10982.416143775494,2026-03-31 08:00:00
AST-ABC3F6AC,CSE-HEALTH-01,Payment System,Critical,Payment System 1192,Core Ops,High,11476,Active,Infrastructure,Staging,10402.341961999551,2026-03-31 08:00:00
AST-B26BDD51,CSE-TELECOM-01,Payment System,Critical,Payment System 1193,Core Ops,High,7604,Active,Infrastructure,Corporate,8617.435752403437,2026-03-31 08:00:00
AST-69E10013,CSE-GOV-01,Critical Database,Low,Critical Database 1194,Core Ops,Standard,198,Active,Infrastructure,Staging,192.20179747775842,2026-03-31 08:00:00
AST-194056A0,CSE-TELECOM-01,Email Server,Critical,Email Server 1195,Core Ops,High,7382,Active,Infrastructure,Staging,7821.185118072268,2026-03-31 08:00:00
AST-F70AE1B3,CSE-GOV-01,Industrial Control System,High,Industrial Control System 1196,Core Ops,High,5531,Active,Infrastructure,Production,6033.808764028965,2026-03-31 08:00:00
AST-68AC4374,CSE-ENERGY-01,DNS Server,Medium,DNS Server 1197,Core Ops,Standard,1720,Active,Infrastructure,Production,1812.0228119869514,2026-03-31 08:00:00
AST-81CF334D,CSE-POWER-02,Industrial Control System,Medium,Industrial Control System 1198,Core Ops,Standard,504,Active,Infrastructure,Staging,431.5262723066924,2026-03-31 08:00:00
AST-FA2AD9AE,CSE-GOV-01,Critical Database,High,Critical Database 1199,Core Ops,High,5634,Active,Infrastructure,Staging,5505.434397821541,2026-03-31 08:00:00
AST-D9AC790C,CSE-TELECOM-01,Endpoint Cluster,Low,Endpoint Cluster 1200,Core Ops,Standard,784,Active,Infrastructure,Production,803.2670753198279,2026-03-31 08:00:00
